id,aluno_id,observacao,serie_id,ano_letivo_id,situacao,created_at,updated_at,deleted_at
1,2,,17,18,"APROVADO (A)","2023-09-08 18:33:56","0000-00-00 00:00:00",
2,183,,17,3,"APROVADO (A)","2023-09-08 18:33:56","0000-00-00 00:00:00",
3,84,,14,15,"REPROVADO (A)","2023-09-08 18:33:56","0000-00-00 00:00:00",
4,114,,12,3,"APROVADO (A)","2023-09-08 18:33:56","0000-00-00 00:00:00",
5,180,,17,3,"APROVADO (A)","2023-09-08 18:33:56","0000-00-00 00:00:00",
6,345,,10,3,"APROVADO (A)","2023-09-08 18:33:56","0000-00-00 00:00:00",
7,147,,14,3,"REPROVADO (A)","2023-09-08 18:33:56","0000-00-00 00:00:00",
8,105,,12,3,"APROVADO (A)","2023-09-08 18:33:56","0000-00-00 00:00:00",
9,107,,12,3,"APROVADO (A)","2023-09-08 18:33:56","0000-00-00 00:00:00",
10,301,,9,3,"APROVADO (A)","2023-09-08 18:33:56","0000-00-00 00:00:00",
11,102,,12,3,"APROVADO (A)","2023-09-08 18:33:56","0000-00-00 00:00:00",
12,146,,14,3,"APROVADO (A)","2023-09-08 18:33:56","0000-00-00 00:00:00",
13,236,"A REFERIDA ALUNA NO 1º ANO FOI AVALIADA ATRAVÉS DE RELATÓRIO CONCLUSIVO. PORTARIA DE AVALIAÇÃO 1.033/2033 / 2008 SEEC/RN.",7,3,"APROVADO (A)","2023-09-08 18:33:56","0000-00-00 00:00:00",
14,60,,11,3,"APROVADO (A)","2023-09-08 18:33:56","0000-00-00 00:00:00",
15,241,,7,3,"APROVADO (A)","2023-09-08 18:33:56","0000-00-00 00:00:00",
16,353,,10,3,"APROVADO (A)","2023-09-08 18:33:56","0000-00-00 00:00:00",
17,159,"O REFERIDO ALUNO  NO 2º E 3º ANO DO ENSINO FUNDAMENTAL I. FOI AVALIADO DE ACORDO COM O PARECER CCE / RN: 041/97 RESOLUÇÃO 001/96 SECD/RN IGS-DO Nº 8920 DE 01-01-1997.",16,3,"APROVADO (A)","2023-09-08 18:33:56","0000-00-00 00:00:00",
18,135,,13,3,"APROVADO (A)","2023-09-08 18:33:56","0000-00-00 00:00:00",
19,231,,7,3,"APROVADO (A)","2023-09-08 18:33:56","0000-00-00 00:00:00",
20,78,,12,3,"APROVADO (A)","2023-09-08 18:33:56","0000-00-00 00:00:00",
21,300,"O REFERIDO ALUNO NO 1º ANO FOI AMPARADO PELO ARTIGO 10 PORTARIA 1730/2006 - SEE/RN.",9,3,"APROVADO (A)","2023-09-08 18:33:56","0000-00-00 00:00:00",
22,46,"A REFERIDA ALUNA NO 1º ANO FOI AVALIADA ATRAVÉS DE RELATÓRIO.",13,5,"APROVADO (A)","2023-09-08 18:33:56","0000-00-00 00:00:00",
23,245,,7,3,"APROVADO (A)","2023-09-08 18:33:56","0000-00-00 00:00:00",
24,413,,6,4,"APROVADO (A)","2023-09-08 18:33:56","0000-00-00 00:00:00",
25,410,,6,4,"APROVADO (A)","2023-09-08 18:33:56","0000-00-00 00:00:00",
26,47,"O ALUNO NO 1º,2º,3º E 4º ESTUDOU PELO SISTEMA DE CICLO AMPARADO PELO ART.: 23 DA LDB 394/96 DE 20/12/1996.  OS DIAS LETIVOS DE 2010 ESTÃO AMPARADO PELO DECRETO DE CALAMIDADE PÚBLICA Nº 7313 DE 01/01/2010.",12,4,"APROVADO (A)","2023-09-08 18:33:56","0000-00-00 00:00:00",
27,10,,11,3,"APROVADO (A)","2023-09-08 18:33:56","0000-00-00 00:00:00",
28,9,"NO 1º ANO A ALUNA FOI AVALIADA ATRAVÉS DE RELATÓRIO.",11,3,"APROVADO (A)","2023-09-08 18:33:56","0000-00-00 00:00:00",
29,292,,14,18,"APROVADO (A)","2023-09-08 18:33:56","0000-00-00 00:00:00",
30,240,,7,3,"APROVADO (A)","2023-09-08 18:33:56","0000-00-00 00:00:00",
31,315,,9,3,"APROVADO (A)","2023-09-08 18:33:56","0000-00-00 00:00:00",
32,92,"A REFERIDA ALUNA NO 2º ANO FOI AVALIADA ATRAVÉS DE RELATÓRIO, AMPARADA PELA RESOLUÇÃO 004/2007-CME-NATAL/RN, EM CONSONÂNCIA, COM A LEI DE DIRETRIZES DE BASE E EDUCAÇÃO NACIONAL.",12,3,"APROVADO (A)","2023-09-08 18:33:56","0000-00-00 00:00:00",
33,121,,13,3,"APROVADO (A)","2023-09-08 18:33:56","0000-00-00 00:00:00",
34,165,,16,3,"APROVADO (A)","2023-09-08 18:33:56","0000-00-00 00:00:00",
35,112,,12,3,"APROVADO (A)","2023-09-08 18:33:56","0000-00-00 00:00:00",
36,140,,14,3,"REPROVADO (A)","2023-09-08 18:33:56","0000-00-00 00:00:00",
37,64,,12,3,"APROVADO (A)","2023-09-08 18:33:56","0000-00-00 00:00:00",
38,214,,6,3,"APROVADO (A)","2023-09-08 18:33:56","0000-00-00 00:00:00",
39,375,"NO 1º ANO O ALUNO FOI AVALIADO ATRAVÉS DE RELATÓRIO.",11,4,"APROVADO (A)","2023-09-08 18:33:56","0000-00-00 00:00:00",
40,242,"O ALUNO NO 1º ANO FOI AVALIADO ATRAVÉS DE RELATÓRIO.",8,4,"APROVADO (A)","2023-09-08 18:33:56","0000-00-00 00:00:00",
41,349,,10,3,"APROVADO (A)","2023-09-08 18:33:56","0000-00-00 00:00:00",
42,145,,14,3,"REPROVADO (A)","2023-09-08 18:33:56","0000-00-00 00:00:00",
43,18,"A REFERIDA ALUNA NO 2º E 3º ANO ESTÁ AMPARADA PELO PARECER 041/97 RESOLUÇÃO 001/96 - SEEC. DIÁRIO OFICIAL Nº 8.920 DE 01/01/1997.",12,4,"APROVADO (A)","2023-09-08 18:33:56","0000-00-00 00:00:00",
44,178,"2004: DE ACORDO COM O HISTÓRICO ESCOLAR DO IDEAL COLÉGIO E CURSO, NO 1º E 2º ANO DO ENSINO FUNDAMENTAL I, A REFERIDA ALUNA FOI AMPARADA PELO PARECER Nº 10/89 DO CEE/RN.",17,3,"APROVADO (A)","2023-09-08 18:33:56","0000-00-00 00:00:00",
45,159,"O REFERIDO ALUNO NO 2º E 3º ANO FOI AMPARADO PELO PARECER CCE/RN: 041/97, RESOLUÇÃO 001/96 SECD/RN/GS DO Nº 8920 DE 01-01-1997.",16,3,"APROVADO (A)","2023-09-08 18:33:56","0000-00-00 00:00:00",
46,309,,10,4,"APROVADO (A)","2023-09-08 18:33:56","0000-00-00 00:00:00",
47,132,,14,4,"APROVADO (A)","2023-09-08 18:33:56","0000-00-00 00:00:00",
48,40,,12,4,"APROVADO (A)","2023-09-08 18:33:56","0000-00-00 00:00:00",
49,63,"O REFERIDO ALUNO NO 1º  E 2º ANO FOI AMPARADO PELA RESOLUÇÃO 001/2001 -CME/SME - NATAL/RN.",12,3,"REPROVADO (A)","2023-09-08 18:33:56","0000-00-00 00:00:00",
50,124,,14,4,"APROVADO (A)","2023-09-08 18:33:56","0000-00-00 00:00:00",
51,134,,14,4,"APROVADO (A)","2023-09-08 18:33:56","0000-00-00 00:00:00",
52,18,"A REFERIDA ALUNA NO 2º E 3º ANO ESTÁ AMPARADA PELO PARECER 041/97 RESOLUÇÃO 001/96 - SEEC DIÁRIO OFICIAL Nº 8.920 DE 01/01/1997.",12,4,"APROVADO (A)","2023-09-08 18:33:56","0000-00-00 00:00:00",
53,133,,14,4,"APROVADO (A)","2023-09-08 18:33:56","0000-00-00 00:00:00",
54,285,,9,4,"APROVADO (A)","2023-09-08 18:33:56","0000-00-00 00:00:00",
55,471,,12,4,"APROVADO (A)","2023-09-08 18:33:56","0000-00-00 00:00:00",
56,386,,6,4,"APROVADO (A)","2023-09-08 18:33:56","0000-00-00 00:00:00",
57,265,,9,4,"APROVADO (A)","2023-09-08 18:33:56","0000-00-00 00:00:00",
58,424,,14,21,"APROVADO (A)","2023-09-08 18:33:56","0000-00-00 00:00:00",
59,137,,14,4,"APROVADO (A)","2023-09-08 18:33:56","0000-00-00 00:00:00",
60,32,,12,4,"APROVADO (A)","2023-09-08 18:33:56","0000-00-00 00:00:00",
61,311,,10,4,"APROVADO (A)","2023-09-08 18:33:56","0000-00-00 00:00:00",
62,336,,10,4,"APROVADO (A)","2023-09-08 18:33:56","0000-00-00 00:00:00",
63,118,,14,4,"APROVADO (A)","2023-09-08 18:33:56","0000-00-00 00:00:00",
64,340,,11,4,"APROVADO (A)","2023-09-08 18:33:56","0000-00-00 00:00:00",
65,360,,11,4,"APROVADO (A)","2023-09-08 18:33:56","0000-00-00 00:00:00",
66,429,,6,4,"APROVADO (A)","2023-09-08 18:33:56","0000-00-00 00:00:00",
67,261,,8,3,"APROVADO (A)","2023-09-08 18:33:56","0000-00-00 00:00:00",
68,257,,12,4,"APROVADO (A)","2023-09-08 18:33:56","0000-00-00 00:00:00",
69,398,,14,4,"APROVADO (A)","2023-09-08 18:33:56","0000-00-00 00:00:00",
71,409,"O ALUNO NÃO CONCLUIU O 2º ANO. SEGUE EM ANEXO A FICHA INDIVIDUAL.",7,5,TRANSFERIDO(A),"2023-09-08 18:33:56","0000-00-00 00:00:00",
72,409,,7,5,TRANSFERIDO(A),"2023-09-08 18:33:56","0000-00-00 00:00:00",
73,379,"EM 2009, O ALUNO ESTÁ AMPARADO PELA RESOLUÇÃO 004/97CME-NATAL-RN. 
O ALUNO NÃO CONCLUIU O 7º ANO/2015. SEGUE EM ANEXO A FICHA INDIVIDUAL.",12,5,TRANSFERIDO(A),"2023-09-08 18:33:56","0000-00-00 00:00:00",
74,471,,12,4,"APROVADO (A)","2023-09-08 18:33:56","0000-00-00 00:00:00",
75,306,,10,4,"APROVADO (A)","2023-09-08 18:33:56","0000-00-00 00:00:00",
76,232,,8,4,"APROVADO (A)","2023-09-08 18:33:56","0000-00-00 00:00:00",
77,369,,13,4,"APROVADO (A)","2023-09-08 18:33:56","0000-00-00 00:00:00",
78,272,,9,4,"APROVADO (A)","2023-09-08 18:33:56","0000-00-00 00:00:00",
79,108,,13,4,"APROVADO (A)","2023-09-08 18:33:56","0000-00-00 00:00:00",
80,384,,0,0,,"2023-09-08 18:33:56","0000-00-00 00:00:00",
81,324,,10,4,"APROVADO (A)","2023-09-08 18:33:56","0000-00-00 00:00:00",
82,322,,10,4,"APROVADO (A)","2023-09-08 18:33:56","0000-00-00 00:00:00",
83,128,,14,4,"APROVADO (A)","2023-09-08 18:33:56","0000-00-00 00:00:00",
84,292,,0,0,,"2023-09-08 18:33:56","0000-00-00 00:00:00",
85,207,,7,4,"APROVADO (A)","2023-09-08 18:33:56","0000-00-00 00:00:00",
86,274,,9,4,"APROVADO (A)","2023-09-08 18:33:56","0000-00-00 00:00:00",
87,235,,16,21,"APROVADO (A)","2023-09-08 18:33:56","0000-00-00 00:00:00",
88,380,,11,4,"APROVADO (A)","2023-09-08 18:33:56","0000-00-00 00:00:00",
89,438,,8,4,"APROVADO (A)","2023-09-08 18:33:56","0000-00-00 00:00:00",
92,316,,9,3,"APROVADO (A)","2023-09-08 18:33:56","0000-00-00 00:00:00",
93,604,,6,6,"APROVADO (A)","2023-09-08 18:33:56","0000-00-00 00:00:00",
94,605,"A REFERIDA ALUNA FOI AVALIADA ATRAVÉS DE RELATÓRIO NO 3º ANO DO ENSINO FUNDAMENTAL ESTANDO AMPARADA PELO ART. DA LEI 9394/96 DA RES. LEI 004/2007 - CME/SME - NATAL/RN",10,6,"APROVADO (A)","2023-09-08 18:33:56","0000-00-00 00:00:00",
95,359,"A REFERIDA ALUNA INGRESSOU NO 2 ANO DO ENSINO FUNDAMENTAL NO ANO DE 2008 NA ESCOLA PARTICIPATIVA DE ACORDO COM A LINEA ""C"", INCISO II, DO ARTIGO 24 DA LEI 9.394/96. ",11,4,"APROVADO (A)","2023-09-08 18:33:56","0000-00-00 00:00:00",
96,606,"A REFERIDA ALUNA NO 1º E 2º ANO ESTÁ AMPARADA PELA RESOLUÇÃO 004/2007-CME-NATAL/RN, EM CONSONÂNCIA, COM A LEI DE Nº 9394/96, LEI DIRETRIZES DE BASE E EDUCAÇÃO NACIONAL.",10,6,"APROVADO (A)","2023-09-08 18:33:56","0000-00-00 00:00:00",
97,608,"O REFERIDO ALUNO NO 1º E 3º ANO ESTÁ AMPARADA PELA RESOLUÇÃO 004/2007-CME-NATAL/RN, EM CONSONÂNCIA, COM A LEI DE Nº 9394/96, LEI DIRETRIZES DE BASE E EDUCAÇÃO NACIONAL.",10,6,"APROVADO (A)","2023-09-08 18:33:56","0000-00-00 00:00:00",
98,423,,6,4,"APROVADO (A)","2023-09-08 18:33:56","0000-00-00 00:00:00",
99,390,,11,4,"APROVADO (A)","2023-09-08 18:33:56","0000-00-00 00:00:00",
100,609,,11,13,"APROVADO (A)","2023-09-08 18:33:56","0000-00-00 00:00:00",
101,49,,11,3,TRANSFERIDO(A),"2023-09-08 18:33:56","0000-00-00 00:00:00",
102,443,"A REFERIDA ALUNA NO 1º E 2º ANO ESTÁ AMPARADA PELA PORTARIA EICOIE Nº 1501 DE 19/12/2002 DA SECRETARIA DO ESTADO DO RIO DE JANEIRO/RJ. NO 3º ANO A ALUNA FOI AVALIADA ATRAVÉS DE RELATÓRIO, CONFORME RESOLUÇÃO PMM/SME Nº 06 DE 09/10/2013.
",10,5,TRANSFERIDO(A),"2023-09-08 18:33:56","0000-00-00 00:00:00",
103,350,,11,4,"APROVADO (A)","2023-09-08 18:33:56","0000-00-00 00:00:00",
104,106,,13,4,"APROVADO (A)","2023-09-08 18:33:56","0000-00-00 00:00:00",
105,431,,6,4,"APROVADO (A)","2023-09-08 18:33:56","0000-00-00 00:00:00",
106,148,,15,4,"APROVADO (A)","2023-09-08 18:33:56","0000-00-00 00:00:00",
107,344,,10,3,"APROVADO (A)","2023-09-08 18:33:56","0000-00-00 00:00:00",
108,422,,6,4,"APROVADO (A)","2023-09-08 18:33:56","0000-00-00 00:00:00",
109,658,,6,2,"APROVADO (A)","2023-09-08 18:33:56","0000-00-00 00:00:00",
110,416,,6,4,"APROVADO (A)","2023-09-08 18:33:56","0000-00-00 00:00:00",
111,356,,11,4,"APROVADO (A)","2023-09-08 18:33:56","0000-00-00 00:00:00",
112,313,,10,4,"APROVADO (A)","2023-09-08 18:33:56","0000-00-00 00:00:00",
113,79,,13,4,"APROVADO (A)","2023-09-08 18:33:56","0000-00-00 00:00:00",
114,283,,9,4,"APROVADO (A)","2023-09-08 18:33:56","0000-00-00 00:00:00",
115,387,,11,4,"APROVADO (A)","2023-09-08 18:33:56","0000-00-00 00:00:00",
116,602,,15,5,TRANSFERIDO(A),"2023-09-08 18:33:56","0000-00-00 00:00:00",
117,171,,17,5,"APROVADO (A)","2023-09-08 18:33:56","0000-00-00 00:00:00",
118,127,,14,4,"APROVADO (A)","2023-09-08 18:33:56","0000-00-00 00:00:00",
119,24,,12,5,"APROVADO (A)","2023-09-08 18:33:56","0000-00-00 00:00:00",
120,351,,11,4,"APROVADO (A)","2023-09-08 18:33:56","0000-00-00 00:00:00",
121,26,,12,4,"APROVADO (A)","2023-09-08 18:33:56","0000-00-00 00:00:00",
122,86,,14,5,"APROVADO (A)","2023-09-08 18:33:56","0000-00-00 00:00:00",
123,659,,7,6,"APROVADO (A)","2023-09-08 18:33:56","0000-00-00 00:00:00",
124,125,,14,5,"APROVADO (A)","2023-09-08 18:33:56","0000-00-00 00:00:00",
125,51,,12,4,"APROVADO (A)","2023-09-08 18:33:56","0000-00-00 00:00:00",
126,130,,13,3,"APROVADO (A)","2023-09-08 18:33:56","0000-00-00 00:00:00",
127,660,,8,6,"APROVADO (A)","2023-09-08 18:33:56","0000-00-00 00:00:00",
128,371,,11,3,"APROVADO (A)","2023-09-08 18:33:56","0000-00-00 00:00:00",
129,661,"A REFERIDA ALUNA NÃO CONCLUIU O ANO LETIVO DE 2011.
SEGUE EM ANEXO FICHA INDIVIDUAL.",11,2,TRANSFERIDO(A),"2023-09-08 18:33:56","0000-00-00 00:00:00",
130,347,,11,4,"APROVADO (A)","2023-09-08 18:33:56","0000-00-00 00:00:00",
131,662,,10,6,"APROVADO (A)","2023-09-08 18:33:56","0000-00-00 00:00:00",
132,54,,12,4,"APROVADO (A)","2023-09-08 18:33:56","0000-00-00 00:00:00",
133,361,,10,3,"APROVADO (A)","2023-09-08 18:33:56","0000-00-00 00:00:00",
134,182,,17,3,"APROVADO (A)","2023-09-08 18:33:56","0000-00-00 00:00:00",
135,116,"O REFERIDO ALUNO NO 1º ANO ESTÁ AMPARADO PELA RESOLUÇÃO 001-01-CHE-NATAL/RN  E NO 2º E 3º ANO ESTÁ AMPARADO PELA RESOLUÇÃO 004/2007-CHE-NATAL/RN EM CONSONÂNCIA COM A LEI 9.394/96.",14,5,"APROVADO (A)","2023-09-08 18:33:56","0000-00-00 00:00:00",
136,65,"O REFERIDO ALUNO NO 1º ANO ESTÁ AMPARADO PELA RESOLUÇÃO DO CICLO BÁSICO DE ALFABETIZAÇÃO E NO 2º E 3º ANO ESTÁ AMPARADO PELA RESOLUÇÃO 004/2007-CHE-NATAL/RN EM CONSONÂNCIA COM A LEI 9.394/96.",14,5,"APROVADO (A)","2023-09-08 18:33:56","0000-00-00 00:00:00",
137,166,,15,3,"APROVADO (A)","2023-09-08 18:33:56","0000-00-00 00:00:00",
138,103,,14,5,"APROVADO (A)","2023-09-08 18:33:56","0000-00-00 00:00:00",
139,185,,17,3,"APROVADO (A)","2023-09-08 18:33:56","0000-00-00 00:00:00",
140,357,,11,4,"APROVADO (A)","2023-09-08 18:33:56","0000-00-00 00:00:00",
141,59,,11,3,"APROVADO (A)","2023-09-08 18:33:56","0000-00-00 00:00:00",
142,596,,10,5,"APROVADO (A)","2023-09-08 18:33:56","0000-00-00 00:00:00",
143,126,,14,4,"APROVADO (A)","2023-09-08 18:33:56","0000-00-00 00:00:00",
144,338,,10,4,"APROVADO (A)","2023-09-08 18:33:56","0000-00-00 00:00:00",
145,389,,12,5,"APROVADO (A)","2023-09-08 18:33:56","0000-00-00 00:00:00",
146,45,,12,4,"APROVADO (A)","2023-09-08 18:33:56","0000-00-00 00:00:00",
147,151,,15,4,"REPROVADO (A)","2023-09-08 18:33:56","0000-00-00 00:00:00",
148,352,,11,4,"APROVADO (A)","2023-09-08 18:33:56","0000-00-00 00:00:00",
149,663,,10,2,"APROVADO (A)","2023-09-08 18:33:56","0000-00-00 00:00:00",
150,279,,9,4,"APROVADO (A)","2023-09-08 18:33:56","0000-00-00 00:00:00",
151,298,,11,5,"APROVADO (A)","2023-09-08 18:33:56","0000-00-00 00:00:00",
152,71,,14,5,"APROVADO (A)","2023-09-08 18:33:56","0000-00-00 00:00:00",
153,342,,11,4,"APROVADO (A)","2023-09-08 18:33:56","0000-00-00 00:00:00",
154,233,,14,19,"APROVADO (A)","2023-09-08 18:33:56","0000-00-00 00:00:00",
155,434,,7,4,"APROVADO (A)","2023-09-08 18:33:56","0000-00-00 00:00:00",
156,91,"A REFERIDA ALUNA NO 3º ANO FOI AVALIADA ATRAVÉS DE RELATÓRIO ANALÍTICO.
PORTARIA DE AVALIAÇÃO 1730/2006 SEEC/RN.  ",14,5,"APROVADO (A)","2023-09-08 18:33:56","0000-00-00 00:00:00",
157,448,"A REFERIDA ALUNA ESTÁ AMPARADA PELO PARECER CEE - 041/97 RESOLUÇÃO 001 96-SEEC DIÁRIO OFICIAL Nº 8.920 DE 01/01/1997.",9,4,"REPROVADO (A)","2023-09-08 18:33:56","0000-00-00 00:00:00",
158,567,"O REFERIDO ALUNO CURSOU APENAS O 1º SEMESTRE DO 8º ANO NO ANO LETIVO DE 2015.
SEGUE EM ANEXO A FIXA INDIVIDUAL.",13,5,TRANSFERIDO(A),"2023-09-08 18:33:56","0000-00-00 00:00:00",
159,119,,14,4,"APROVADO (A)","2023-09-08 18:33:56","0000-00-00 00:00:00",
160,323,,11,5,"APROVADO (A)","2023-09-08 18:33:56","0000-00-00 00:00:00",
161,665,,10,6,"APROVADO (A)","2023-09-08 18:33:56","0000-00-00 00:00:00",
162,171,,17,5,"APROVADO (A)","2023-09-08 18:33:56","0000-00-00 00:00:00",
163,169,,17,5,"APROVADO (A)","2023-09-08 18:33:56","0000-00-00 00:00:00",
164,117,,14,4,"APROVADO (A)","2023-09-08 18:33:56","0000-00-00 00:00:00",
165,143,,15,4,"APROVADO (A)","2023-09-08 18:33:56","0000-00-00 00:00:00",
166,25,,12,4,"APROVADO (A)","2023-09-08 18:33:56","0000-00-00 00:00:00",
169,666,,7,6,"APROVADO (A)","2023-09-08 18:33:56","0000-00-00 00:00:00",
170,667,,6,6,"APROVADO (A)","2023-09-08 18:33:56","0000-00-00 00:00:00",
171,48,"A REFERIDA ALUNA NO 1º ANO ESTÁ AMPARADA PELO PARECER 041/97 - CGE RESOLUÇÃO 001/96 /SECD/GS.",11,3,"APROVADO (A)","2023-09-08 18:33:56","0000-00-00 00:00:00",
172,304,,10,4,"APROVADO (A)","2023-09-08 18:33:56","0000-00-00 00:00:00",
173,198,,7,4,"APROVADO (A)","2023-09-08 18:33:56","0000-00-00 00:00:00",
174,129,"O REFERIDO ALUNO NO 1º E 2º ANO ESTÁ AMPARADO PELO PARECER CEE-041/97 RESOLUÇÃO-001/96 SECD DIÁRIO OFICIAL Nº 8.920 DE 01/01/1997.",14,4,"APROVADO (A)","2023-09-08 18:33:56","0000-00-00 00:00:00",
175,77,,14,5,"APROVADO (A)","2023-09-08 18:33:56","0000-00-00 00:00:00",
176,668,,11,4,"APROVADO (A)","2023-09-08 18:33:56","0000-00-00 00:00:00",
177,457,,10,4,"APROVADO (A)","2023-09-08 18:33:56","0000-00-00 00:00:00",
178,8,,12,4,"APROVADO (A)","2023-09-08 18:33:56","0000-00-00 00:00:00",
179,136,,15,5,"APROVADO (A)","2023-09-08 18:33:56","0000-00-00 00:00:00",
180,212,,7,4,"APROVADO (A)","2023-09-08 18:33:56","0000-00-00 00:00:00",
181,211,,7,4,"APROVADO (A)","2023-09-08 18:33:56","0000-00-00 00:00:00",
182,372,,13,5,"APROVADO (A)","2023-09-08 18:33:56","0000-00-00 00:00:00",
183,98,,14,5,"APROVADO (A)","2023-09-08 18:33:56","0000-00-00 00:00:00",
184,722,"A REFERIDA ALUNA OBTEVE UM AVANÇO DO 2º ANO PARA O 3º ANO. A MESMA ESTÁ AMPARADA PELO PARECER CEE. 041/97 RESOLUÇÃO 001/96 SECD DIÁRIO OFICIAL Nº 9.920 DE 01/97. 
SEGUE EM ANEXO  RELATÓRIO CONCLUSIVO DO 3º ANO.",9,6,"APROVADO (A)","2023-09-08 18:33:56","0000-00-00 00:00:00",
185,547,,8,16,"APROVADO (A)","2023-09-08 18:33:56","0000-00-00 00:00:00",
186,397,"A REFERIDA ALUNA CURSOU O 1º ANO DO ENSINO FUNDAMENTAL AMPARADA PELO ART. 23 DA LEI 9394/96 E RESOLUÇÃO 004/2007-CME/SME-NATAL/RN. NO 2º E 3º ANO FOI AMPARADA PELA RESOLUÇÕ 084/2006. SEEC/RN.",15,5,"APROVADO (A)","2023-09-08 18:33:56","0000-00-00 00:00:00",
187,76,,12,3,"APROVADO (A)","2023-09-08 18:33:56","0000-00-00 00:00:00",
188,155,,17,5,"APROVADO (A)","2023-09-08 18:33:56","0000-00-00 00:00:00",
189,174,,17,5,"APROVADO (A)","2023-09-08 18:33:56","0000-00-00 00:00:00",
190,401,,17,5,"APROVADO (A)","2023-09-08 18:33:56","0000-00-00 00:00:00",
191,563,"No 1º e 2º ano, o referido aluno está amparado pelo parecer 041/97 do CEE. Resolução 001/96 da SECD. diário oficial Nº 8:920 de 01.01.97.",11,5,"REPROVADO (A)","2023-09-08 18:33:56","0000-00-00 00:00:00",
192,256,,17,5,"APROVADO (A)","2023-09-08 18:33:56","0000-00-00 00:00:00",
193,756,,15,6,"APROVADO (A)","2023-09-08 18:33:56","0000-00-00 00:00:00",
194,321,,10,4,"APROVADO (A)","2023-09-08 18:33:56","0000-00-00 00:00:00",
195,96,,14,5,"APROVADO (A)","2023-09-08 18:33:56","0000-00-00 00:00:00",
196,81,,14,5,"APROVADO (A)","2023-09-08 18:33:56","0000-00-00 00:00:00",
197,346,,12,5,"APROVADO (A)","2023-09-08 18:33:56","0000-00-00 00:00:00",
198,308,,17,20,"APROVADO (A)","2023-09-08 18:33:56","0000-00-00 00:00:00",
199,55,,13,5,"APROVADO (A)","2023-09-08 18:33:56","0000-00-00 00:00:00",
200,184,,17,5,"APROVADO (A)","2023-09-08 18:33:56","0000-00-00 00:00:00",
201,421,,7,5,"APROVADO (A)","2023-09-08 18:33:56","0000-00-00 00:00:00",
202,287,,10,5,"REPROVADO (A)","2023-09-08 18:33:56","0000-00-00 00:00:00",
203,391,,12,5,"APROVADO (A)","2023-09-08 18:33:56","0000-00-00 00:00:00",
204,176,,17,5,"APROVADO (A)","2023-09-08 18:33:56","0000-00-00 00:00:00",
205,239,"O referido aluno foi avaliado através de relatório no 1º ano do Ensino Fundamental.",9,5,"APROVADO (A)","2023-09-08 18:33:56","0000-00-00 00:00:00",
206,39,,13,5,"APROVADO (A)","2023-09-08 18:33:56","0000-00-00 00:00:00",
207,204,,6,3,"APROVADO (A)","2023-09-08 18:33:56","0000-00-00 00:00:00",
208,548,,6,15,"APROVADO (A)","2023-09-08 18:33:56","0000-00-00 00:00:00",
209,582,,7,5,"APROVADO (A)","2023-09-08 18:33:56","0000-00-00 00:00:00",
210,131,,14,4,"APROVADO (A)","2023-09-08 18:33:56","0000-00-00 00:00:00",
211,218,,6,4,"APROVADO (A)","2023-09-08 18:33:56","0000-00-00 00:00:00",
212,156,,16,5,"APROVADO (A)","2023-09-08 18:33:56","0000-00-00 00:00:00",
213,22,,13,5,"APROVADO (A)","2023-09-08 18:33:56","0000-00-00 00:00:00",
214,72,,14,5,"APROVADO (A)","2023-09-08 18:33:56","0000-00-00 00:00:00",
215,584,"A referida aluna no 1º ano do Ensino Fundamental foi classificada para o 2º ano do Ensino fundamental de acordo de acordo com a Lei 9.394/96 da LDB. ",9,15,TRANSFERIDO(A),"2023-09-08 18:33:56","0000-00-00 00:00:00",
216,574,,7,15,TRANSFERIDO(A),"2023-09-08 18:33:56","0000-00-00 00:00:00",
217,244,,9,5,"APROVADO (A)","2023-09-08 18:33:56","0000-00-00 00:00:00",
218,403,,7,5,"APROVADO (A)","2023-09-08 18:33:56","0000-00-00 00:00:00",
219,68,,14,5,"APROVADO (A)","2023-09-08 18:33:56","0000-00-00 00:00:00",
220,110,,14,5,"APROVADO (A)","2023-09-08 18:33:56","0000-00-00 00:00:00",
221,14,,14,15,"APROVADO (A)","2023-09-08 18:33:56","0000-00-00 00:00:00",
222,570,,16,15,"APROVADO (A)","2023-09-08 18:33:56","0000-00-00 00:00:00",
223,302,,11,5,"APROVADO (A)","2023-09-08 18:33:56","0000-00-00 00:00:00",
224,368,,12,5,"APROVADO (A)","2023-09-08 18:33:56","0000-00-00 00:00:00",
225,69,,14,5,"APROVADO (A)","2023-09-08 18:33:56","0000-00-00 00:00:00",
226,710,"A referida aluna, nas séries 1º, 2º e 3º anos do E. Fundamental está amparada pela portaria 
Nº 1730/2006/SECD/GS/RN.
E 4º e 5º ano do E. Fundamental foi amparada pelo PROJETO ALFABETIZAR COM SUCESSO.",15,15,TRANSFERIDO(A),"2023-09-08 18:33:56","0000-00-00 00:00:00",
227,404,,8,15,"APROVADO (A)","2023-09-08 18:33:56","0000-00-00 00:00:00",
228,702,,10,15,TRANSFERIDO(A),"2023-09-08 18:33:56","0000-00-00 00:00:00",
229,407,,7,5,"APROVADO (A)","2023-09-08 18:33:56","0000-00-00 00:00:00",
230,100,,14,15,"APROVADO (A)","2023-09-08 18:33:56","0000-00-00 00:00:00",
231,522,,6,15,"APROVADO (A)","2023-09-08 18:33:56","0000-00-00 00:00:00",
232,97,"A REFERIDA ALUNA NO 1º ANO FOI AVALIADA ATRAVÉS DE RELATÓRIO.",14,15,"APROVADO (A)","2023-09-08 18:33:56","0000-00-00 00:00:00",
233,589,,9,5,"APROVADO (A)","2023-09-08 18:33:56","0000-00-00 00:00:00",
234,587,,8,5,"APROVADO (A)","2023-09-08 18:33:56","0000-00-00 00:00:00",
235,66,,14,5,"APROVADO (A)","2023-09-08 18:33:56","0000-00-00 00:00:00",
236,223,,15,21,"APROVADO (A)","2023-09-08 18:33:56","0000-00-00 00:00:00",
237,437,"O referido aluno nos 1º e 2º anos está amparado pela resolução 004/2007-CME-Natal/RN, em consonância, com a lei de Nº 9394/96, Lei Diretrizes de Base e Educação Nacional.",15,20,"APROVADO (A)","2023-09-08 18:33:56","0000-00-00 00:00:00",
238,594,,10,5,"APROVADO (A)","2023-09-08 18:33:56","0000-00-00 00:00:00",
239,246,,9,5,"APROVADO (A)","2023-09-08 18:33:56","0000-00-00 00:00:00",
240,73,,12,3,"APROVADO (A)","2023-09-08 18:33:56","0000-00-00 00:00:00",
241,273,,10,5,"APROVADO (A)","2023-09-08 18:33:56","0000-00-00 00:00:00",
242,89,,14,15,"APROVADO (A)","2023-09-08 18:33:56","0000-00-00 00:00:00",
243,435,,8,4,"REPROVADO (A)","2023-09-08 18:33:56","0000-00-00 00:00:00",
244,761,,11,1,"APROVADO (A)","2023-09-08 18:33:56","0000-00-00 00:00:00",
245,217,"O aluno no 8º ano está amparado pela portaria159/2020, de 23 de Dezembro de 2020, que estabelece normas em caráter excepcional para comprimento do calendário escolar, avaliação e registro dos processos de ensino aprendizagem para o ano letivo de 2020, em decorrência da pandemia.",15,21,"APROVADO (A)","2023-09-08 18:33:56","0000-00-00 00:00:00",
246,523,,6,15,"APROVADO (A)","2023-09-08 18:33:56","0000-00-00 00:00:00",
247,451,"O REFERIDO ALUNO NO 1º ANO FOI AVALIADO ATRAVÉS DE RELATÓRIO.",11,5,"APROVADO (A)","2023-09-08 18:33:56","0000-00-00 00:00:00",
248,367,"*Emissão da 1ª via.
A lei de diretrizes e bases da Educação Nacional LDB 939/96 consolida e amplia o ensino fundamental de 9 anos; Lei 11.274 de 06/02/2006 que passa a vigorar em 2010. Com isso o aluno está isento do 1º ano.",10,3,"APROVADO (A)","2023-09-08 18:33:56","0000-00-00 00:00:00",
249,270,,8,3,"APROVADO (A)","2023-09-08 18:33:56","0000-00-00 00:00:00",
250,149,,17,15,"APROVADO (A)","2023-09-08 18:33:56","0000-00-00 00:00:00",
251,278,,8,3,"APROVADO (A)","2023-09-08 18:33:56","0000-00-00 00:00:00",
252,452,,11,5,"APROVADO (A)","2023-09-08 18:33:56","0000-00-00 00:00:00",
253,566,,12,5,"APROVADO (A)","2023-09-08 18:33:56","0000-00-00 00:00:00",
254,762,,6,2,"APROVADO (A)","2023-09-08 18:33:56","0000-00-00 00:00:00",
255,30,,13,5,"APROVADO (A)","2023-09-08 18:33:56","0000-00-00 00:00:00",
256,181,,17,3,"APROVADO (A)","2023-09-08 18:33:56","0000-00-00 00:00:00",
257,526,,7,15,"APROVADO (A)","2023-09-08 18:33:56","0000-00-00 00:00:00",
258,759,,8,15,"APROVADO (A)","2023-09-08 18:33:56","0000-00-00 00:00:00",
259,141,,17,15,"APROVADO (A)","2023-09-08 18:33:56","0000-00-00 00:00:00",
260,573,,6,5,"APROVADO (A)","2023-09-08 18:33:56","0000-00-00 00:00:00",
261,550,,11,15,"APROVADO (A)","2023-09-08 18:33:56","0000-00-00 00:00:00",
262,698,,10,15,"APROVADO (A)","2023-09-08 18:33:56","0000-00-00 00:00:00",
263,812,,13,6,"REPROVADO (A)","2023-09-08 18:33:56","0000-00-00 00:00:00",
264,253,,7,3,"APROVADO (A)","2023-09-08 18:33:56","0000-00-00 00:00:00",
265,277,,11,15,"APROVADO (A)","2023-09-08 18:33:56","0000-00-00 00:00:00",
266,294,,11,15,"APROVADO (A)","2023-09-08 18:33:56","0000-00-00 00:00:00",
267,144,,17,15,"APROVADO (A)","2023-09-08 18:33:56","0000-00-00 00:00:00",
268,549,,6,15,"APROVADO (A)","2023-09-08 18:33:56","0000-00-00 00:00:00",
269,405,,8,15,"APROVADO (A)","2023-09-08 18:33:56","0000-00-00 00:00:00",
270,866,,14,6,"APROVADO (A)","2023-09-08 18:33:56","0000-00-00 00:00:00",
271,332,,12,16,"APROVADO (A)","2023-09-08 18:33:56","0000-00-00 00:00:00",
272,555,,12,15,"APROVADO (A)","2023-09-08 18:33:56","0000-00-00 00:00:00",
273,508,,6,15,"APROVADO (A)","2023-09-08 18:33:56","0000-00-00 00:00:00",
274,866,"NO 3º ANO A REFERIDA ALUNA CURSOU O CICLO DE ALFABETIZAÇÃO, AMPARADA PELO PARECER CEE - 041/97.
RESOLUÇÃO = 001/96 - SECD. DIÁRIO OFICIAL Nº 8.920 DE 01/01/1997.",14,16,"APROVADO (A)","2023-09-08 18:33:56","0000-00-00 00:00:00",
275,433,,11,17,"APROVADO (A)","2023-09-08 18:33:56","0000-00-00 00:00:00",
276,499,,12,21,"APROVADO (A)","2023-09-08 18:33:56","0000-00-00 00:00:00",
277,868,,13,2,"REPROVADO (A)","2023-09-08 18:33:56","0000-00-00 00:00:00",
278,216,,7,4,"APROVADO (A)","2023-09-08 18:33:56","0000-00-00 00:00:00",
279,297,,17,21,"APROVADO (A)","2023-09-08 18:33:56","0000-00-00 00:00:00",
280,381,,14,16,"APROVADO (A)","2023-09-08 18:33:56","0000-00-00 00:00:00",
281,355,,14,16,"APROVADO (A)","2023-09-08 18:33:56","0000-00-00 00:00:00",
291,374,,14,16,"APROVADO (A)","2023-09-08 18:33:56","0000-00-00 00:00:00",
292,455,,11,5,"APROVADO (A)","2023-09-08 18:33:56","0000-00-00 00:00:00",
293,455,"De acordo com o artigo 1º da portaria N 004\07 SEMEC\CN - GS, o 1º ano do Ensino Fundamental utiliza Progressão Continuada para o 2º ano.",11,5,"APROVADO (A)","2023-09-08 18:33:56","0000-00-00 00:00:00",
294,687,"A ALUNA CURSOU DO 1º AO 2º ANO DO ENSINO FUNDAMENTAL ESTANDO AMPARADA PELO ART. 23 DA LEI 9394/96 E RESOLUÇÃO 004/2007 - CME - SME NATAL, 14/03/2016",11,15,"APROVADO (A)","2023-09-08 18:33:56","0000-00-00 00:00:00",
295,415,,6,4,"APROVADO (A)","2023-09-08 18:33:56","0000-00-00 00:00:00",
296,686,"O ALUNO CURSOU O 1º E 2º ANO DO ENSINO FUNDAMENTAL AMPARADO PELO ARTIGO 23 DA LEI 9394/96 E RESOLUÇÃO 004/2007.",8,15,"APROVADO (A)","2023-09-08 18:33:56","0000-00-00 00:00:00",
297,869,"O ALUNO NO 2º ANO ESTÁ AMPARADO PELA RESOLUÇÃO 004/2007 - CME - NATAL/RN, E PORTARIA Nº 8.920 DE 01/01/97, EM CONSONÂNCIA, COM A LEI DE Nº 9394/96, DA LEI DIRETRIZES DE BASE E EDUCAÇÃO NACIONAL.",8,16,"APROVADO (A)","2023-09-08 18:33:56","0000-00-00 00:00:00",
298,276,,17,21,"APROVADO (A)","2023-09-08 18:33:56","0000-00-00 00:00:00",
299,111,,15,15,"REPROVADO (A)","2023-09-08 18:33:56","0000-00-00 00:00:00",
300,427,,6,4,"APROVADO (A)","2023-09-08 18:33:56","0000-00-00 00:00:00",
301,428,,8,15,"APROVADO (A)","2023-09-08 18:33:56","0000-00-00 00:00:00",
302,295,"Segue em anexo o relatório da aluna referente ao 1º ano do Ensino Fundamental.",11,15,"APROVADO (A)","2023-09-08 18:33:56","0000-00-00 00:00:00",
303,674,,8,16,"APROVADO (A)","2023-09-08 18:33:56","0000-00-00 00:00:00",
304,810,,15,16,"APROVADO (A)","2023-09-08 18:33:56","0000-00-00 00:00:00",
305,537,,7,15,"APROVADO (A)","2023-09-08 18:33:56","0000-00-00 00:00:00",
306,454,,10,4,"APROVADO (A)","2023-09-08 18:33:56","0000-00-00 00:00:00",
307,684,,9,16,"APROVADO (A)","2023-09-08 18:33:56","0000-00-00 00:00:00",
308,454,,10,4,"APROVADO (A)","2023-09-08 18:33:56","0000-00-00 00:00:00",
309,329,,12,15,"APROVADO (A)","2023-09-08 18:33:56","0000-00-00 00:00:00",
310,56,,14,15,"APROVADO (A)","2023-09-08 18:33:56","0000-00-00 00:00:00",
311,709,"Ao final do ano de 2010, o aluno foi Reclassificado do 3º para o 4º ano, amparado no art. 23, 1º da Lei nº 9394/96, e nos artigos 104 e 105 das Normas Básicas para a Organização e Funcionamento Administrativo e Pedagógico das Escolas da Rede de Ensino do RN.",15,16,"APROVADO (A)","2023-09-08 18:33:56","0000-00-00 00:00:00",
312,341,,13,15,"APROVADO (A)","2023-09-08 18:33:56","0000-00-00 00:00:00",
313,94,,15,15,"APROVADO (A)","2023-09-08 18:33:56","0000-00-00 00:00:00",
314,52,,13,15,"APROVADO (A)","2023-09-08 18:33:56","0000-00-00 00:00:00",
315,52,"SEGUE EM ANEXO O RELATÓRIO DA ALUNA DO 1º ANO DO ENSINO FUNDAMENTAL.",13,15,"APROVADO (A)","2023-09-08 18:33:56","0000-00-00 00:00:00",
316,697,,10,15,"APROVADO (A)","2023-09-08 18:33:56","0000-00-00 00:00:00",
317,20,,11,3,"APROVADO (A)","2023-09-08 18:33:56","0000-00-00 00:00:00",
318,310,"A aluna concluiu o 1º ano do Ensino Fundamental nos termos do artigo 23 da Lei Nº 9394/96, com parecer Nº 041/97 - CEE/RN  e disposto no regimento escolar sendo aprovada.",10,4,"APROVADO (A)","2023-09-08 18:33:56","0000-00-00 00:00:00",
319,337,,9,3,"APROVADO (A)","2023-09-08 18:33:56","0000-00-00 00:00:00",
320,495,,6,15,"APROVADO (A)","2023-09-08 18:33:56","0000-00-00 00:00:00",
321,591,,17,21,"APROVADO (A)","2023-09-08 18:33:56","0000-00-00 00:00:00",
322,592,"A aluna no 1º ano está amparada pela resolução 004/2007 - CME-Natal/RN em consonância com a Lei 9394/96-Lei de Diretrizes e Bases da Educação Nacional.",11,15,"APROVADO (A)","2023-09-08 18:33:56","0000-00-00 00:00:00",
323,150,,17,15,"APROVADO (A)","2023-09-08 18:33:56","0000-00-00 00:00:00",
324,445,,9,4,"REPROVADO (A)","2023-09-08 18:33:56","0000-00-00 00:00:00",
325,254,,8,3,"APROVADO (A)","2023-09-08 18:33:56","0000-00-00 00:00:00",
326,254,,8,3,"APROVADO (A)","2023-09-08 18:33:56","0000-00-00 00:00:00",
327,690,,10,16,"APROVADO (A)","2023-09-08 18:33:56","0000-00-00 00:00:00",
328,670,,8,16,"APROVADO (A)","2023-09-08 18:33:56","0000-00-00 00:00:00",
329,731,,14,15,"APROVADO (A)","2023-09-08 18:33:56","0000-00-00 00:00:00",
330,255,,11,15,"APROVADO (A)","2023-09-08 18:33:56","0000-00-00 00:00:00",
331,691,,9,15,"APROVADO (A)","2023-09-08 18:33:56","0000-00-00 00:00:00",
332,572,,17,15,"APROVADO (A)","2023-09-08 18:33:56","0000-00-00 00:00:00",
333,331,,11,5,"APROVADO (A)","2023-09-08 18:33:56","0000-00-00 00:00:00",
334,703,"Segue em anexo o relatório da aluna referente ao 1º ano do Ensino Fundamental.",11,15,"APROVADO (A)","2023-09-08 18:33:56","0000-00-00 00:00:00",
335,803,,11,16,TRANSFERIDO(A),"2023-09-08 18:33:56","0000-00-00 00:00:00",
336,358,,14,16,"APROVADO (A)","2023-09-08 18:33:56","0000-00-00 00:00:00",
337,832,,6,16,"APROVADO (A)","2023-09-08 18:33:56","0000-00-00 00:00:00",
338,487,,6,16,"APROVADO (A)","2023-09-08 18:33:56","0000-00-00 00:00:00",
339,672,,8,16,"APROVADO (A)","2023-09-08 18:33:56","0000-00-00 00:00:00",
340,456,,12,15,"APROVADO (A)","2023-09-08 18:33:56","0000-00-00 00:00:00",
341,153,,17,15,"APROVADO (A)","2023-09-08 18:33:56","0000-00-00 00:00:00",
342,754,,6,16,"APROVADO (A)","2023-09-08 18:33:56","0000-00-00 00:00:00",
343,215,,10,16,"APROVADO (A)","2023-09-08 18:33:56","0000-00-00 00:00:00",
344,528,,8,16,"APROVADO (A)","2023-09-08 18:33:56","0000-00-00 00:00:00",
345,937,,14,2,"REPROVADO (A)","2023-09-08 18:33:56","0000-00-00 00:00:00",
346,449,,9,4,"APROVADO (A)","2023-09-08 18:33:56","0000-00-00 00:00:00",
347,167,"A referida aluna do 1º ao 5º ano do Ensino Fundamental, estudou por ciclo através de uma nota global, tendo em vista o processo interdisciplinar de avaliação - Portaria SEEDU/102/2002.
Nota global por anos: 2º ano = 7,6 / 3º ano = 7,0 / 4º ano = 7,4 / 5º ano = 5,7. ",16,3,"APROVADO (A)","2023-09-08 18:33:56","0000-00-00 00:00:00",
348,782,,9,17,TRANSFERIDO(A),"2023-09-08 18:33:56","0000-00-00 00:00:00",
349,760,,6,16,"APROVADO (A)","2023-09-08 18:33:56","0000-00-00 00:00:00",
350,289,,13,17,TRANSFERIDO(A),"2023-09-08 18:33:56","0000-00-00 00:00:00",
351,556,,12,15,"APROVADO (A)","2023-09-08 18:33:56","0000-00-00 00:00:00",
352,197,,13,19,"APROVADO (A)","2023-09-08 18:33:56","0000-00-00 00:00:00",
353,490,,10,20,"APROVADO (A)","2023-09-08 18:33:56","0000-00-00 00:00:00",
354,695,,12,17,TRANSFERIDO(A),"2023-09-08 18:33:56","0000-00-00 00:00:00",
355,942,,15,14,"APROVADO (A)","2023-09-08 18:33:56","0000-00-00 00:00:00",
356,326,,11,5,"APROVADO (A)","2023-09-08 18:33:56","0000-00-00 00:00:00",
357,783,,9,17,TRANSFERIDO(A),"2023-09-08 18:33:56","0000-00-00 00:00:00",
358,552,"A REFERIDA ALUNA ESTÁ  AMPARADA PELA RESOLUÇÃO 004/07 - CME, PORTARIA
153/08  - SME/GS NATAL/RN. EM CONSONÂNCIA COM A LEI 9394/96. LEI DE DIRETRIZES E BASES DA EDUCAÇÃO NACIONAL.",11,5,"APROVADO (A)","2023-09-08 18:33:56","0000-00-00 00:00:00",
359,790,"No 2º e 3º ano o aluno está amparado pelo parecer CEE/RN 041/97.
Resolução 001/96 SEEC Diário Oficial 8.920 de 01/01/97.",10,17,TRANSFERIDO(A),"2023-09-08 18:33:56","0000-00-00 00:00:00",
360,863,,12,17,"APROVADO (A)","2023-09-08 18:33:56","0000-00-00 00:00:00",
361,138,"O 1º ano foi em 2005 no Centro Educacional Renascer - PARECER 84/06 CEE/RN. Aprovado em: 23/11/2005.",15,4,"REPROVADO (A)","2023-09-08 18:33:56","0000-00-00 00:00:00",
362,95,,14,5,"APROVADO (A)","2023-09-08 18:33:56","0000-00-00 00:00:00",
363,943,,17,6,"APROVADO (A)","2023-09-08 18:33:56","0000-00-00 00:00:00",
364,944,,8,6,"APROVADO (A)","2023-09-08 18:33:56","0000-00-00 00:00:00",
365,569,"NO 1º E 2º ANO A ALUNA ESTÁ AMPARADA PELA RESOLUÇÃO 004/2007 - CME - NATAL/RN, EM CONSONÂNCIA COM A LEI DE Nº 9394/96, LEI DIRETRIZES E BASE NACIONAL.",16,15,"APROVADO (A)","2023-09-08 18:33:56","0000-00-00 00:00:00",
366,564,"O aluno no 3º ano está amparado pela resolução 004/2007 - CME- Natal/RN, em consonância, com a Lei de Nº 9394/96, Lei Diretrizes de Base e Educação Nacional. ",14,16,TRANSFERIDO(A),"2023-09-08 18:33:56","0000-00-00 00:00:00",
367,510,,6,15,"APROVADO (A)","2023-09-08 18:33:56","0000-00-00 00:00:00",
368,653,,7,16,"APROVADO (A)","2023-09-08 18:33:56","0000-00-00 00:00:00",
369,799,,11,16,"APROVADO (A)","2023-09-08 18:33:56","0000-00-00 00:00:00",
370,453,,14,17,"APROVADO (A)","2023-09-08 18:33:56","0000-00-00 00:00:00",
371,320,,14,17,"APROVADO (A)","2023-09-08 18:33:56","0000-00-00 00:00:00",
372,733,,6,17,"APROVADO (A)","2023-09-08 18:33:56","0000-00-00 00:00:00",
373,692,,10,16,"APROVADO (A)","2023-09-08 18:33:56","0000-00-00 00:00:00",
374,314,,14,17,"APROVADO (A)","2023-09-08 18:33:56","0000-00-00 00:00:00",
375,501,,8,17,"APROVADO (A)","2023-09-08 18:33:56","0000-00-00 00:00:00",
376,775,"A aluna cursou o 2º ano no Bloco Inicial de Alfabetização (BIA) na rede pública de Ensino do Distrito Federal, onde dispensa menção classificatória, nos termos do Parecer nº 212/2006 - CEDF, homologado pela Portaria nº 4/2007 - SEDF.",12,20,"APROVADO (A)","2023-09-08 18:33:56","0000-00-00 00:00:00",
377,877,,6,17,"APROVADO (A)","2023-09-08 18:33:56","0000-00-00 00:00:00",
378,796,,12,17,"APROVADO (A)","2023-09-08 18:33:56","0000-00-00 00:00:00",
379,808,,14,17,"APROVADO (A)","2023-09-08 18:33:56","0000-00-00 00:00:00",
380,689,,11,17,"APROVADO (A)","2023-09-08 18:33:56","0000-00-00 00:00:00",
381,650,,8,17,"APROVADO (A)","2023-09-08 18:33:56","0000-00-00 00:00:00",
382,396,"A referida aluna no 1º, 2º e 3º ano do Ensino Fundamental foi amparada pelo parecer do CEE 041/97 resolução nº 001/96 SECD GS/RN D.O. Nº 8.920, 01/01/97.
",17,17,"APROVADO (A)","2023-09-08 18:33:56","0000-00-00 00:00:00",
383,399,,16,15,"APROVADO (A)","2023-09-08 18:33:56","0000-00-00 00:00:00",
384,264,,8,3,"APROVADO (A)","2023-09-08 18:33:56","0000-00-00 00:00:00",
385,229,,11,6,"APROVADO (A)","2023-09-08 18:33:56","0000-00-00 00:00:00",
386,705,,17,21,"APROVADO (A)","2023-09-08 18:33:56","0000-00-00 00:00:00",
387,705,,13,15,"APROVADO (A)","2023-09-08 18:33:56","0000-00-00 00:00:00",
388,562,"No 1º ano do Ensino Fundamental o referido aluno foi avaliado através de relatório.
Segue anexo.",14,17,"APROVADO (A)","2023-09-08 18:33:56","0000-00-00 00:00:00",
389,898,,10,17,"APROVADO (A)","2023-09-08 18:33:56","0000-00-00 00:00:00",
390,898,,10,17,"APROVADO (A)","2023-09-08 18:33:56","0000-00-00 00:00:00",
391,878,,7,17,"APROVADO (A)","2023-09-08 18:33:56","0000-00-00 00:00:00",
392,238,,7,3,"APROVADO (A)","2023-09-08 18:33:56","0000-00-00 00:00:00",
393,878,,7,17,"APROVADO (A)","2023-09-08 18:33:56","0000-00-00 00:00:00",
394,878,,7,17,"APROVADO (A)","2023-09-08 18:33:56","0000-00-00 00:00:00",
395,878,,7,17,"APROVADO (A)","2023-09-08 18:33:56","0000-00-00 00:00:00",
396,707,,12,16,"APROVADO (A)","2023-09-08 18:33:56","0000-00-00 00:00:00",
397,791,"SEGUE EM ANEXO O RELATÓRIO DA ALUNA REFERENTE AO 1º ANO DO ENSINO FUNDAMENTAL I.",14,21,"APROVADO (A)","2023-09-08 18:33:56","0000-00-00 00:00:00",
398,441,,12,17,"APROVADO (A)","2023-09-08 18:33:56","0000-00-00 00:00:00",
399,376,,10,3,"APROVADO (A)","2023-09-08 18:33:56","0000-00-00 00:00:00",
400,296,"O aluno no 1º ano foi amparado pela Lei do Ensino Fundamental em 09 anos Lei 11.114/05 regulamentada pela Lei 11.274/06.",14,17,"APROVADO (A)","2023-09-08 18:33:56","0000-00-00 00:00:00",
401,426,,8,15,"APROVADO (A)","2023-09-08 18:33:56","0000-00-00 00:00:00",
402,85,,17,17,"APROVADO (A)","2023-09-08 18:33:56","0000-00-00 00:00:00",
406,945,,7,1,"APROVADO (A)","2023-09-08 18:33:56","0000-00-00 00:00:00",
407,565,,15,17,"APROVADO (A)","2023-09-08 18:33:56","0000-00-00 00:00:00",
408,565,"O referido Aluno no 9º pagou dependência no ano letivo de 2018 da disciplina de Matemática, obtendo média final 7,2 sendo Aprovado.",15,17,"APROVADO (A)","2023-09-08 18:33:56","0000-00-00 00:00:00",
409,794,,11,16,"APROVADO (A)","2023-09-08 18:33:56","0000-00-00 00:00:00",
410,83,,17,17,"APROVADO (A)","2023-09-08 18:33:56","0000-00-00 00:00:00",
411,120,,17,17,"APROVADO (A)","2023-09-08 18:33:56","0000-00-00 00:00:00",
412,61,,17,17,"APROVADO (A)","2023-09-08 18:33:56","0000-00-00 00:00:00",
413,88,,17,17,"APROVADO (A)","2023-09-08 18:33:56","0000-00-00 00:00:00",
414,90,,17,17,"APROVADO (A)","2023-09-08 18:33:56","0000-00-00 00:00:00",
415,395,,17,17,"APROVADO (A)","2023-09-08 18:33:56","0000-00-00 00:00:00",
416,113,,17,17,"APROVADO (A)","2023-09-08 18:33:56","0000-00-00 00:00:00",
417,99,,14,5,"APROVADO (A)","2023-09-08 18:33:56","0000-00-00 00:00:00",
418,702,,12,17,"APROVADO (A)","2023-09-08 18:33:56","0000-00-00 00:00:00",
419,702,"A INSTITUIÇÃO DE ENSINO EM QUE A ALUNA CURSOU DO 1 AO 4 ANO NÃO FORNECEU SUA FREQUÊNCIA.",12,17,"APROVADO (A)","2023-09-08 18:33:56","0000-00-00 00:00:00",
420,685,,0,0,,"2023-09-08 18:33:56","0000-00-00 00:00:00",
421,685,,10,17,"APROVADO (A)","2023-09-08 18:33:56","0000-00-00 00:00:00",
422,766,,6,16,"APROVADO (A)","2023-09-08 18:33:56","0000-00-00 00:00:00",
423,327,,12,16,"REPROVADO (A)","2023-09-08 18:33:56","0000-00-00 00:00:00",
424,115,,13,5,"REPROVADO (A)","2023-09-08 18:33:56","0000-00-00 00:00:00",
425,732,,6,17,"APROVADO (A)","2023-09-08 18:33:56","0000-00-00 00:00:00",
426,206,,11,17,"APROVADO (A)","2023-09-08 18:33:56","0000-00-00 00:00:00",
427,305,,9,3,"APROVADO (A)","2023-09-08 18:33:56","0000-00-00 00:00:00",
428,447,,11,15,"APROVADO (A)","2023-09-08 18:33:56","0000-00-00 00:00:00",
429,673,,7,15,"APROVADO (A)","2023-09-08 18:33:56","0000-00-00 00:00:00",
430,946,,12,6,"APROVADO (A)","2023-09-08 18:33:56","0000-00-00 00:00:00",
431,913,"O referido aluno no 1º ano está amparado pelo artigo 10 da portaria Nº 1033/2008 SEEC/GS-RN.",11,17,"REPROVADO (A)","2023-09-08 18:33:56","0000-00-00 00:00:00",
432,874,,6,17,"APROVADO (A)","2023-09-08 18:33:56","0000-00-00 00:00:00",
433,170,,17,3,"APROVADO (A)","2023-09-08 18:33:56","0000-00-00 00:00:00",
434,252,,12,17,"APROVADO (A)","2023-09-08 18:33:56","0000-00-00 00:00:00",
435,450,,14,17,"APROVADO (A)","2023-09-08 18:33:56","0000-00-00 00:00:00",
436,757,,11,15,"APROVADO (A)","2023-09-08 18:33:56","0000-00-00 00:00:00",
437,269,,13,17,"APROVADO (A)","2023-09-08 18:33:56","0000-00-00 00:00:00",
438,640,,6,17,"APROVADO (A)","2023-09-08 18:33:56","0000-00-00 00:00:00",
439,579,,10,17,"APROVADO (A)","2023-09-08 18:33:56","0000-00-00 00:00:00",
440,895,,11,18,"APROVADO (A)","2023-09-08 18:33:56","0000-00-00 00:00:00",
441,907,,12,17,"APROVADO (A)","2023-09-08 18:33:56","0000-00-00 00:00:00",
442,788,"Segue em anexo o relatório do aluno referente ao 1º ano do Ensino Fundamental.",14,21,"APROVADO (A)","2023-09-08 18:33:56","0000-00-00 00:00:00",
443,545,,6,5,"APROVADO (A)","2023-09-08 18:33:56","0000-00-00 00:00:00",
444,104,,14,5,"APROVADO (A)","2023-09-08 18:33:56","0000-00-00 00:00:00",
445,378,"CURSOU P.PARCIAL NO COLÉGIO CAMINHO DO SABER - NATAL/RN EM 2019, REFERENTE A 1º SÉRIE DO ENS. MÉDIO NAS DISCIPLINAS DE MATEMÁTICA, HISTÓRIA E QUÍMICA SENDO APROVADA COM OS SEGUINTES RESULTADOS: 

MATEMÁTICA - MÉDIA: 7,0,  HISTÓRIA;- MÉDIA:7,3,  QUÍMICA- MÉDIA:7,7.",17,19,"APROVADO (A)","2023-09-08 18:33:56","0000-00-00 00:00:00",
446,259,,15,20,"APROVADO (A)","2023-09-08 18:33:56","0000-00-00 00:00:00",
447,299,,14,17,"APROVADO (A)","2023-09-08 18:33:56","0000-00-00 00:00:00",
448,491,,8,18,TRANSFERIDO(A),"2023-09-08 18:33:56","0000-00-00 00:00:00",
449,442,"De acordo com a portaria  Nº 1033/2008/SEEC/RN no AR. 10 - A avaliação do 1º ao 3º ano do Ensino fundamental visará ao acompanhamento do do desempenho da aprendizagem do aluno, sem fins de retenção e ocorrerá por meio de relatórios analíticos.
",11,15,"APROVADO (A)","2023-09-08 18:33:56","0000-00-00 00:00:00",
450,27,,17,18,TRANSFERIDO(A),"2023-09-08 18:33:56","0000-00-00 00:00:00",
451,278,,8,3,"APROVADO (A)","2023-09-08 18:33:56","0000-00-00 00:00:00",
452,204,,6,3,"APROVADO (A)","2023-09-08 18:33:56","0000-00-00 00:00:00",
453,226,,6,3,"APROVADO (A)","2023-09-08 18:33:56","0000-00-00 00:00:00",
455,203,,6,3,"APROVADO (A)","2023-09-08 18:33:56","0000-00-00 00:00:00",
456,214,,6,3,"APROVADO (A)","2023-09-08 18:33:56","0000-00-00 00:00:00",
457,201,,14,20,"APROVADO (A)","2023-09-08 18:33:56","0000-00-00 00:00:00",
458,280,,8,3,"APROVADO (A)","2023-09-08 18:33:56","0000-00-00 00:00:00",
459,200,,6,3,"APROVADO (A)","2023-09-08 18:33:56","0000-00-00 00:00:00",
460,238,,7,3,"APROVADO (A)","2023-09-08 18:33:56","0000-00-00 00:00:00",
461,241,,7,3,"APROVADO (A)","2023-09-08 18:33:56","0000-00-00 00:00:00",
463,231,,7,3,"APROVADO (A)","2023-09-08 18:33:56","0000-00-00 00:00:00",
464,383,,7,3,"APROVADO (A)","2023-09-08 18:33:56","0000-00-00 00:00:00",
467,955,,7,18,"APROVADO (A)","2023-09-08 18:33:56","0000-00-00 00:00:00",
468,318,,14,17,"APROVADO (A)","2023-09-08 18:33:56","0000-00-00 00:00:00",
469,234,,8,16,"APROVADO (A)","2023-09-08 18:33:56","0000-00-00 00:00:00",
470,249,,7,3,"APROVADO (A)","2023-09-08 18:33:56","0000-00-00 00:00:00",
471,245,,7,3,"APROVADO (A)","2023-09-08 18:33:56","0000-00-00 00:00:00",
472,316,,9,3,"APROVADO (A)","2023-09-08 18:33:56","0000-00-00 00:00:00",
473,337,,9,3,"APROVADO (A)","2023-09-08 18:33:56","0000-00-00 00:00:00",
474,315,,9,3,"APROVADO (A)","2023-09-08 18:33:56","0000-00-00 00:00:00",
476,317,,9,3,"APROVADO (A)","2023-09-08 18:33:56","0000-00-00 00:00:00",
477,333,"ALUNA TRANSFERIDA  ",9,3,"APROVADO (A)","2023-09-08 18:33:56","0000-00-00 00:00:00",
478,335,,9,3,"APROVADO (A)","2023-09-08 18:33:56","0000-00-00 00:00:00",
479,906,,11,17,"APROVADO (A)","2023-09-08 18:33:56","0000-00-00 00:00:00",
480,348,,15,17,"APROVADO (A)","2023-09-08 18:33:56","0000-00-00 00:00:00",
481,388,,16,19,"APROVADO (A)","2023-09-08 18:33:56","0000-00-00 00:00:00",
482,745,,6,16,"APROVADO (A)","2023-09-08 18:33:56","0000-00-00 00:00:00",
483,480,,7,17,"APROVADO (A)","2023-09-08 18:33:56","0000-00-00 00:00:00",
489,514,,8,17,"APROVADO (A)","2023-09-08 18:33:56","0000-00-00 00:00:00",
490,432,,10,17,"APROVADO (A)","2023-09-08 18:33:56","0000-00-00 00:00:00",
491,789,,10,17,"APROVADO (A)","2023-09-08 18:33:56","0000-00-00 00:00:00",
492,219,,11,17,"APROVADO (A)","2023-09-08 18:33:56","0000-00-00 00:00:00",
493,898,,10,17,"APROVADO (A)","2023-09-08 18:33:56","0000-00-00 00:00:00",
494,875,,6,17,"APROVADO (A)","2023-09-08 18:33:56","0000-00-00 00:00:00",
495,814,,6,17,"APROVADO (A)","2023-09-08 18:33:56","0000-00-00 00:00:00",
496,289,,13,17,"APROVADO (A)","2023-09-08 18:33:56","0000-00-00 00:00:00",
497,593,,13,17,"APROVADO (A)","2023-09-08 18:33:56","0000-00-00 00:00:00",
498,577,,7,15,"APROVADO (A)","2023-09-08 18:33:56","0000-00-00 00:00:00",
499,529,,7,15,"APROVADO (A)","2023-09-08 18:33:56","0000-00-00 00:00:00",
500,676,,7,15,"APROVADO (A)","2023-09-08 18:33:56","0000-00-00 00:00:00",
501,543,,7,15,"APROVADO (A)","2023-09-08 18:33:56","0000-00-00 00:00:00",
502,485,,6,16,"APROVADO (A)","2023-09-08 18:33:56","0000-00-00 00:00:00",
503,193,,6,16,"APROVADO (A)","2023-09-08 18:33:56","0000-00-00 00:00:00",
504,746,,6,16,"APROVADO (A)","2023-09-08 18:33:56","0000-00-00 00:00:00",
505,655,,7,16,"APROVADO (A)","2023-09-08 18:33:56","0000-00-00 00:00:00",
506,512,,7,16,"APROVADO (A)","2023-09-08 18:33:56","0000-00-00 00:00:00",
507,652,,7,16,"APROVADO (A)","2023-09-08 18:33:56","0000-00-00 00:00:00",
508,251,,10,16,"APROVADO (A)","2023-09-08 18:33:56","0000-00-00 00:00:00",
509,208,,10,16,"APROVADO (A)","2023-09-08 18:33:56","0000-00-00 00:00:00",
510,205,,10,16,"APROVADO (A)","2023-09-08 18:33:56","0000-00-00 00:00:00",
511,588,,10,16,"APROVADO (A)","2023-09-08 18:33:56","0000-00-00 00:00:00",
512,290,,10,5,"APROVADO (A)","2023-09-08 18:33:56","0000-00-00 00:00:00",
514,908,"O ALUNO NO 1º ANO ESTÁ AMPARADO PELO ARTIGO 10 DA PORTARIA Nº 1878/2016 SEEC/GS - RN.
SEGUE EM ANEXO BOLETIM DO 8º ANO 2019.",13,18,TRANSFERIDO(A),"2023-09-08 18:33:56","0000-00-00 00:00:00",
515,199,,9,15,"APROVADO (A)","2023-09-08 18:33:56","0000-00-00 00:00:00",
516,706,,11,15,"APROVADO (A)","2023-09-08 18:33:56","0000-00-00 00:00:00",
517,29,,11,3,"APROVADO (A)","2023-09-08 18:33:56","0000-00-00 00:00:00",
518,23,,11,3,"APROVADO (A)","2023-09-08 18:33:56","0000-00-00 00:00:00",
519,1017,"ALUNA TRANSFERIDA NO MÊS 5 DE 2013.",11,3,TRANSFERIDO(A),"2023-09-08 18:33:56","0000-00-00 00:00:00",
520,16,"3º ANO:  PARECER DO CEE/RN .041/97 SEEC/GS/RN.",11,3,TRANSFERIDO(A),"2023-09-08 18:33:56","0000-00-00 00:00:00",
521,3,,11,3,"APROVADO (A)","2023-09-08 18:33:56","0000-00-00 00:00:00",
522,41,"PARECER DO CEE Nº 41/97 RESOLUÇÃO Nº 001/96 DA SC/RN.",11,3,"APROVADO (A)","2023-09-08 18:33:56","0000-00-00 00:00:00",
523,80,"O ALUNO ESTÁ AMPARADO PELA RESOLUÇÃO 004/2007 - CME/NATAL -RN EM CONSONÂNCIA COM A LEI 9394/96 DE DIRETRIZES E BASES DA EDUCAÇÃO NACIONAL.",12,3,"REPROVADO (A)","2023-09-08 18:33:56","0000-00-00 00:00:00",
524,87,,12,3,"APROVADO (A)","2023-09-08 18:33:56","0000-00-00 00:00:00",
525,93,,12,3,"APROVADO (A)","2023-09-08 18:33:56","0000-00-00 00:00:00",
526,82,,12,3,"APROVADO (A)","2023-09-08 18:33:56","0000-00-00 00:00:00",
527,123,,13,3,"APROVADO (A)","2023-09-08 18:33:56","0000-00-00 00:00:00",
528,122,,13,3,"APROVADO (A)","2023-09-08 18:33:56","0000-00-00 00:00:00",
529,152,,14,3,"APROVADO (A)","2023-09-08 18:33:56","0000-00-00 00:00:00",
530,179,,15,3,"APROVADO (A)","2023-09-08 18:33:56","0000-00-00 00:00:00",
531,187,"A REFERIDA ALUNA FOI AMPARADA PELO PARECER 041/97 CEE- RN RESOLUÇÃO 001/ 96  SEC/GS/RN, DUE 8920/97.",17,3,"APROVADO (A)","2023-09-08 18:33:56","0000-00-00 00:00:00",
532,173,,17,3,"APROVADO (A)","2023-09-08 18:33:56","0000-00-00 00:00:00",
533,178,"2004: DE ACORDO COM O HISTÓRICO ESCOLAR DO IDEAL COLÉGIO E CURSO, NA 1º E 2º SÉRIE DO ENSINO FUNDAMENTAL l, A REFERIDA ALUNA FOI AMPARADA PELO PARECER Nº 10/89 DO CEE/RN.",17,3,"APROVADO (A)","2023-09-08 18:33:56","0000-00-00 00:00:00",
534,189,,17,3,"APROVADO (A)","2023-09-08 18:33:56","0000-00-00 00:00:00",
535,175,,17,3,"APROVADO (A)","2023-09-08 18:33:56","0000-00-00 00:00:00",
536,188,"O REFERIDO ALUNO ESTÁ AMPARADO PELO PARECER 084/2005 CEE-RN.",17,3,"APROVADO (A)","2023-09-08 18:33:56","0000-00-00 00:00:00",
537,177,"O REFERIDO ALUNO  NO 5º ANO ESTÁ AMPARADO PELO PARECER Nº 041/97 - CEE/RN, RESOLUÇÃO Nº 001/96 SECD/GS/RN, DO Nº 8.920- 1º/01/97.",17,3,"APROVADO (A)","2023-09-08 18:33:56","0000-00-00 00:00:00",
538,300,,9,3,"APROVADO (A)","2023-09-08 18:33:56","0000-00-00 00:00:00",
539,325,,9,3,"APROVADO (A)","2023-09-08 18:33:56","0000-00-00 00:00:00",
540,312,,9,3,"APROVADO (A)","2023-09-08 18:33:56","0000-00-00 00:00:00",
541,362,,10,3,"APROVADO (A)","2023-09-08 18:33:56","0000-00-00 00:00:00",
542,364,,10,3,"APROVADO (A)","2023-09-08 18:33:56","0000-00-00 00:00:00",
543,366,,10,3,"APROVADO (A)","2023-09-08 18:33:56","0000-00-00 00:00:00",
544,354,,10,3,"APROVADO (A)","2023-09-08 18:33:56","0000-00-00 00:00:00",
545,1018,,10,3,TRANSFERIDO(A),"2023-09-08 18:33:56","0000-00-00 00:00:00",
548,1023,,6,6,"APROVADO (A)","2023-09-08 18:33:56","0000-00-00 00:00:00",
549,667,,6,6,"APROVADO (A)","2023-09-08 18:33:56","0000-00-00 00:00:00",
550,34,,17,18,"APROVADO (A)","2023-09-08 18:33:56","0000-00-00 00:00:00",
551,31,,17,18,"APROVADO (A)","2023-09-08 18:33:56","0000-00-00 00:00:00",
552,44,"A REFERIDA ALUNA NO 1º ANO ESTÁ ACOBERTADA PELA RESOLUÇÃO 004/ 2007 CME DE NATAL- RN ",17,18,"APROVADO (A)","2023-09-08 18:33:56","0000-00-00 00:00:00",
553,28,,17,18,"APROVADO (A)","2023-09-08 18:33:56","0000-00-00 00:00:00",
554,57,,17,18,"APROVADO (A)","2023-09-08 18:33:56","0000-00-00 00:00:00",
555,2,,17,18,"APROVADO (A)","2023-09-08 18:33:56","0000-00-00 00:00:00",
556,571,,17,15,"APROVADO (A)","2023-09-08 18:33:56","0000-00-00 00:00:00",
557,293,,17,21,"APROVADO (A)","2023-09-08 18:33:56","0000-00-00 00:00:00",
558,284,,14,18,"APROVADO (A)","2023-09-08 18:33:56","0000-00-00 00:00:00",
559,975,,14,18,"APROVADO (A)","2023-09-08 18:33:56","0000-00-00 00:00:00",
560,330,,14,18,"REPROVADO (A)","2023-09-08 18:33:56","0000-00-00 00:00:00",
561,704,"A referida aluna no 1º ano do Ensino Fundamental foi avaliada através de relatório.",14,18,"APROVADO (A)","2023-09-08 18:33:56","0000-00-00 00:00:00",
562,446,,14,18,"APROVADO (A)","2023-09-08 18:33:56","0000-00-00 00:00:00",
563,965,,12,20,"APROVADO (A)","2023-09-08 18:33:56","0000-00-00 00:00:00",
564,940,"ID: 111942284100
NO 1º, 2º E 3º ANO DO E. FUNDAMENTAL, A ALUNA ESTÁ AMPARADA PELA RESOLUÇÃO 004/2007-CME NATAL / RN, EM CONSONÂNCIA COM A LEI Nº 9.394/96 - LEI DE DIRETRIZES E BASES DA EDUCAÇÃO NACIONAL. ",17,18,"APROVADO (A)","2023-09-08 18:33:56","0000-00-00 00:00:00",
565,774,,7,16,"APROVADO (A)","2023-09-08 18:33:56","0000-00-00 00:00:00",
566,886,,9,18,"APROVADO (A)","2023-09-08 18:33:56","0000-00-00 00:00:00",
567,881,,9,18,"APROVADO (A)","2023-09-08 18:33:56","0000-00-00 00:00:00",
568,466,,7,18,"APROVADO (A)","2023-09-08 18:33:56","0000-00-00 00:00:00",
569,977,"A referida Aluna no 3º ano está amparada pelo parecer 84-2005/CEE/RN.",14,18,"APROVADO (A)","2023-09-08 18:33:56","0000-00-00 00:00:00",
570,282,,14,18,"APROVADO (A)","2023-09-08 18:33:56","0000-00-00 00:00:00",
571,515,,8,18,"APROVADO (A)","2023-09-08 18:33:56","0000-00-00 00:00:00",
572,615,,6,18,"APROVADO (A)","2023-09-08 18:33:56","0000-00-00 00:00:00",
573,260,,10,5,"APROVADO (A)","2023-09-08 18:33:56","0000-00-00 00:00:00",
574,651,,9,18,"APROVADO (A)","2023-09-08 18:33:56","0000-00-00 00:00:00",
575,806,,14,18,"REPROVADO (A)","2023-09-08 18:33:56","0000-00-00 00:00:00",
576,551,,15,18,"REPROVADO (A)","2023-09-08 18:33:56","0000-00-00 00:00:00",
577,963,"O ALUNO DO 1º AO 3º ESTÁ AMPARADO PELA RESOLUÇÃO 004/2007 - CME -NATAL/RN, E PORTARIA Nº 8.920 DE 01/01/07 EM CONSONÂNCIA, COM A LEI DE Nº 9394/96, DA LEI DIRETRIZES DE BASE E EDUCAÇÃO NACIONAL.  ",9,18,TRANSFERIDO(A),"2023-09-08 18:33:56","0000-00-00 00:00:00",
578,779,"A ALUNA ESTÁ AMPARADA PELO ARTIGO 10 DA PORTARIA Nº 1033/2008 SEEC/GS -RN.",10,18,"APROVADO (A)","2023-09-08 18:33:56","0000-00-00 00:00:00",
579,504,,9,18,"APROVADO (A)","2023-09-08 18:33:56","0000-00-00 00:00:00",
580,597,,14,18,"APROVADO (A)","2023-09-08 18:33:56","0000-00-00 00:00:00",
581,807,,14,18,"REPROVADO (A)","2023-09-08 18:33:56","0000-00-00 00:00:00",
582,595,,14,18,"APROVADO (A)","2023-09-08 18:33:56","0000-00-00 00:00:00",
583,811,,17,18,"APROVADO (A)","2023-09-08 18:33:56","0000-00-00 00:00:00",
584,619,,6,18,"APROVADO (A)","2023-09-08 18:33:56","0000-00-00 00:00:00",
585,764,,7,18,TRANSFERIDO(A),"2023-09-08 18:33:56","0000-00-00 00:00:00",
586,621,,6,18,"APROVADO (A)","2023-09-08 18:33:56","0000-00-00 00:00:00",
587,622,,6,18,"APROVADO (A)","2023-09-08 18:33:56","0000-00-00 00:00:00",
588,521,,9,18,"APROVADO (A)","2023-09-08 18:33:56","0000-00-00 00:00:00",
589,700,,13,18,"APROVADO (A)","2023-09-08 18:33:56","0000-00-00 00:00:00",
590,949,,17,18,"APROVADO (A)","2023-09-08 18:33:56","0000-00-00 00:00:00",
591,909,"A referida Aluna do 1º ao 2º ano foi ampara pelo parecer 041/97 CEE-RN Resolução 01/01/1996 SECD-RN. E no 3º ano Resolução 004/2007 - CME-SME/Natal/RN.",13,17,"APROVADO (A)","2023-09-08 18:33:56","0000-00-00 00:00:00",
592,527,,13,21,"APROVADO (A)","2023-09-08 18:33:56","0000-00-00 00:00:00",
593,439,"No 1º ano o aluno foi avaliado através de relatório.",11,16,"APROVADO (A)","2023-09-08 18:33:56","0000-00-00 00:00:00",
594,319,,12,15,"APROVADO (A)","2023-09-08 18:33:56","0000-00-00 00:00:00",
595,538,"O referido Aluno no 2º ano foi avaliado através de relatório.  ",10,18,"APROVADO (A)","2023-09-08 18:33:56","0000-00-00 00:00:00",
596,470,,7,18,"APROVADO (A)","2023-09-08 18:33:56","0000-00-00 00:00:00",
597,897,,10,17,"APROVADO (A)","2023-09-08 18:33:56","0000-00-00 00:00:00",
598,708,"O referido Aluno no 9º ano do Ensino Fundamental, no ano letivo de 2017, ficou reprovado em Matemática pagando dependência no ano letivo de 2018, sendo Aprovado com média final 6,0.",16,18,"REPROVADO (A)","2023-09-08 18:33:56","0000-00-00 00:00:00",
599,586,,12,18,"APROVADO (A)","2023-09-08 18:33:56","0000-00-00 00:00:00",
600,675,,11,19,TRANSFERIDO(A),"2023-09-08 18:33:56","0000-00-00 00:00:00",
602,696,,11,16,"APROVADO (A)","2023-09-08 18:33:56","0000-00-00 00:00:00",
603,603,,12,18,"APROVADO (A)","2023-09-08 18:33:56","0000-00-00 00:00:00",
604,250,,15,20,"APROVADO (A)","2023-09-08 18:33:56","0000-00-00 00:00:00",
605,168,,17,15,TRANSFERIDO(A),"2023-09-08 18:33:56","0000-00-00 00:00:00",
606,1046,,7,19,TRANSFERIDO(A),"2023-09-08 18:33:56","0000-00-00 00:00:00",
607,291,,14,19,TRANSFERIDO(A),"2023-09-08 18:33:56","0000-00-00 00:00:00",
608,880,,9,19,"APROVADO (A)","2023-09-08 18:33:56","0000-00-00 00:00:00",
609,1039,,9,19,"APROVADO (A)","2023-09-08 18:33:56","0000-00-00 00:00:00",
610,891,,11,19,"APROVADO (A)","2023-09-08 18:33:56","0000-00-00 00:00:00",
611,884,"SEGUE EM ANEXO O RELATÓRIO DO ALUNO  HUGO GABRIEL, REFERENTE AO 1º ANO DO ENSINO FUNDAMENTAL.",8,19,"APROVADO (A)","2023-09-08 18:33:56","0000-00-00 00:00:00",
612,664,"SEGUE EM ANEXO O RELATÓRIO DO ALUNO REFERENTE AO 1º ANO DO ENSINO FUNDAMETAL.",15,19,"APROVADO (A)","2023-09-08 18:33:56","0000-00-00 00:00:00",
613,644,,8,19,"APROVADO (A)","2023-09-08 18:33:56","0000-00-00 00:00:00",
614,948,,17,19,"APROVADO (A)","2023-09-08 18:33:56","0000-00-00 00:00:00",
615,343,,17,19,"APROVADO (A)","2023-09-08 18:33:56","0000-00-00 00:00:00",
616,373,,17,19,"APROVADO (A)","2023-09-08 18:33:56","0000-00-00 00:00:00",
617,363,,17,19,"APROVADO (A)","2023-09-08 18:33:56","0000-00-00 00:00:00",
618,365,,17,19,"APROVADO (A)","2023-09-08 18:33:56","0000-00-00 00:00:00",
619,382,,17,19,"APROVADO (A)","2023-09-08 18:33:56","0000-00-00 00:00:00",
620,339,,17,19,"APROVADO (A)","2023-09-08 18:33:56","0000-00-00 00:00:00",
621,392,,17,19,"APROVADO (A)","2023-09-08 18:33:56","0000-00-00 00:00:00",
622,947,,17,19,"APROVADO (A)","2023-09-08 18:33:56","0000-00-00 00:00:00",
623,809,,17,19,"APROVADO (A)","2023-09-08 18:33:56","0000-00-00 00:00:00",
624,377,,17,19,"APROVADO (A)","2023-09-08 18:33:56","0000-00-00 00:00:00",
625,286,,17,21,"APROVADO (A)","2023-09-08 18:33:56","0000-00-00 00:00:00",
626,693,"NO 3º ANO DO ENSINO FUNDAMENTAL O ALUNO FOI AMPARADO PELO PARECER Nº 041/97- CEE/RN - RESOLUÇÃO Nº 001/96  SECD/GS/RN.",12,19,"REPROVADO (A)","2023-09-08 18:33:56","0000-00-00 00:00:00",
627,1027,,12,19,"REPROVADO (A)","2023-09-08 18:33:56","0000-00-00 00:00:00",
628,954,,8,19,TRANSFERIDO(A),"2023-09-08 18:33:56","0000-00-00 00:00:00",
629,910,"No ano letivo de 2017 o referido aluno matriculou-se no sistema de Progressão Parcial a nível de 6º ano do Ensino Fundamental, na disciplina de Matemática obtendo a média 6,3, conforme consta nesse histórico ",13,17,"APROVADO (A)","2023-09-08 18:33:56","0000-00-00 00:00:00",
630,1032,,10,19,"APROVADO (A)","2023-09-08 18:33:56","0000-00-00 00:00:00",
631,786,,11,19,"APROVADO (A)","2023-09-08 18:33:56","0000-00-00 00:00:00",
632,841,,6,19,"APROVADO (A)","2023-09-08 18:33:56","0000-00-00 00:00:00",
633,825,,6,19,TRANSFERIDO(A),"2023-09-08 18:33:56","0000-00-00 00:00:00",
634,1046,,7,19,TRANSFERIDO(A),"2023-09-08 18:33:56","0000-00-00 00:00:00",
635,385,,10,19,"APROVADO (A)","2023-09-08 18:33:56","0000-00-00 00:00:00",
636,912,,10,19,"APROVADO (A)","2023-09-08 18:33:56","0000-00-00 00:00:00",
637,496,,10,19,"APROVADO (A)","2023-09-08 18:33:56","0000-00-00 00:00:00",
638,671,,11,19,"APROVADO (A)","2023-09-08 18:33:56","0000-00-00 00:00:00",
639,1030,,11,19,TRANSFERIDO(A),"2023-09-08 18:33:56","0000-00-00 00:00:00",
640,938,,6,19,"APROVADO (A)","2023-09-08 18:33:56","0000-00-00 00:00:00",
641,836,,6,19,"APROVADO (A)","2023-09-08 18:33:56","0000-00-00 00:00:00",
642,74,"O referido Aluno, no 6º ano do Ensino Fundamental no ano letivo 2011, está amparado pela alínea ""D"", inciso V, artigo 24 da Lei 9394/96.",15,15,"REPROVADO (A)","2023-09-08 18:33:56","0000-00-00 00:00:00",
643,769,,6,16,"APROVADO (A)","2023-09-08 18:33:56","0000-00-00 00:00:00",
644,900,,12,18,"APROVADO (A)","2023-09-08 18:33:56","0000-00-00 00:00:00",
645,1025,"7º E 8º ANOS - EDUCAÇÃO DE JOVENS E ADULTOS.",14,19,"APROVADO (A)","2023-09-08 18:33:56","0000-00-00 00:00:00",
646,444,,14,19,"REPROVADO (A)","2023-09-08 18:33:56","0000-00-00 00:00:00",
647,964,,11,19,"APROVADO (A)","2023-09-08 18:33:56","0000-00-00 00:00:00",
648,837,,6,19,"APROVADO (A)","2023-09-08 18:33:56","0000-00-00 00:00:00",
649,720,,7,19,"APROVADO (A)","2023-09-08 18:33:56","0000-00-00 00:00:00",
650,927,,7,20,TRANSFERIDO(A),"2023-09-08 18:33:56","0000-00-00 00:00:00",
651,1122,,17,2,"APROVADO (A)","2023-09-08 18:33:56","0000-00-00 00:00:00",
652,872,,8,19,"APROVADO (A)","2023-09-08 18:33:56","0000-00-00 00:00:00",
653,738,,8,19,"APROVADO (A)","2023-09-08 18:33:56","0000-00-00 00:00:00",
654,941,"Aluna no 1ºe2º ano está amparada pela portaria DRE 123/13DOC DE 21/12/2013 P.P. 17e18. O Ensino Fundamental Regular de 9 anos está organizado nos termos da portaria nº 5.930/2013. Conceito/Nota do Ciclo de Alfabetização é: P=Plenamente Satisfatório, S= Satisfatório, NS= Não Satisfatório.",10,19,"APROVADO (A)","2023-09-08 18:33:56","0000-00-00 00:00:00",
655,1034,,11,20,"APROVADO (A)","2023-09-08 18:33:56","0000-00-00 00:00:00",
656,885,,10,19,"APROVADO (A)","2023-09-08 18:33:56","0000-00-00 00:00:00",
657,787,,12,19,TRANSFERIDO(A),"2023-09-08 18:33:56","0000-00-00 00:00:00",
658,894,,12,19,"APROVADO (A)","2023-09-08 18:33:56","0000-00-00 00:00:00",
659,230,"O referido aluno no 1º ano está amparado pelo artigo 10 portaria 1730/06RN.",10,15,"APROVADO (A)","2023-09-08 18:33:56","0000-00-00 00:00:00",
660,694,,11,17,"APROVADO (A)","2023-09-08 18:33:56","0000-00-00 00:00:00",
661,247,,15,20,TRANSFERIDO(A),"2023-09-08 18:33:56","0000-00-00 00:00:00",
662,1042,,8,19,"APROVADO (A)","2023-09-08 18:33:56","0000-00-00 00:00:00",
663,440,,14,20,"APROVADO (A)","2023-09-08 18:33:56","0000-00-00 00:00:00",
664,804,"A referida Aluna, no 8º e 9º ano do Ensino Fundamental,  prestou exames supletivos junto a COMISSÃO PERMANENTE DE EXAMES SUPLETIVOS, da Escola Prof. F. Guerra., de acordo com a Lei nº 9.394/96 de Diretrizes e Bases da Educação Nacional, de 20 de Dezembro de 1996 e da Resolução 02/16 de 19/10/2016. ",17,20,"APROVADO (A)","2023-09-08 18:33:56","0000-00-00 00:00:00",
665,458,"O Referido Aluno no 1º, 2º, 3º e 4º ano, foi amparado pelo Parecer do CEE 041/97. 
Resolução Nº 001/96 SECD GS/RN D.O. Nº 8920, 01/01/97.",17,20,"APROVADO (A)","2023-09-08 18:33:56","0000-00-00 00:00:00",
666,978,,17,20,"APROVADO (A)","2023-09-08 18:33:56","0000-00-00 00:00:00",
667,553,,17,20,"APROVADO (A)","2023-09-08 18:33:56","0000-00-00 00:00:00",
668,307,,17,20,"APROVADO (A)","2023-09-08 18:33:56","0000-00-00 00:00:00",
669,334,,17,20,"APROVADO (A)","2023-09-08 18:33:56","0000-00-00 00:00:00",
670,560,,17,20,"APROVADO (A)","2023-09-08 18:33:56","0000-00-00 00:00:00",
671,899,"A referida Aluna no 1º ano foi avaliada através de relatório.
Segue em anexo o relatório do 1º ano do Ensino Fundamental.",14,20,"APROVADO (A)","2023-09-08 18:33:56","0000-00-00 00:00:00",
673,970,"O Referido Aluno no 1º, 2º e 3º ano, está amparado pelo artigo 10 da portaria nº 1878/2016 
SEEC/GS-RN.",15,21,"APROVADO (A)","2023-09-08 18:33:56","0000-00-00 00:00:00",
674,883,,11,20,"APROVADO (A)","2023-09-08 18:33:56","0000-00-00 00:00:00",
675,414,,8,15,"APROVADO (A)","2023-09-08 18:33:56","0000-00-00 00:00:00",
676,805,,15,20,"REPROVADO (A)","2023-09-08 18:33:56","0000-00-00 00:00:00",
677,833,,6,18,"APROVADO (A)","2023-09-08 18:33:56","0000-00-00 00:00:00",
678,554,"O referido Aluno no 1º ano do Ensino Fundamental foi avaliado através de relatório. sendo Aprovado.",17,20,"APROVADO (A)","2023-09-08 18:33:56","0000-00-00 00:00:00",
679,792,,14,20,"APROVADO (A)","2023-09-08 18:33:56","0000-00-00 00:00:00",
680,1085,,6,20,"APROVADO (A)","2023-09-08 18:33:56","0000-00-00 00:00:00",
681,1056,,6,20,"APROVADO (A)","2023-09-08 18:33:56","0000-00-00 00:00:00",
682,925,,6,20,"APROVADO (A)","2023-09-08 18:33:56","0000-00-00 00:00:00",
683,741,,9,20,"APROVADO (A)","2023-09-08 18:33:56","0000-00-00 00:00:00",
684,932,,8,20,"APROVADO (A)","2023-09-08 18:33:56","0000-00-00 00:00:00",
686,1153,,17,6,"APROVADO (A)","2023-09-08 18:33:56","0000-00-00 00:00:00",
687,534,,10,18,"APROVADO (A)","2023-09-08 18:33:56","0000-00-00 00:00:00",
688,959,,9,19,"APROVADO (A)","2023-09-08 18:33:56","0000-00-00 00:00:00",
689,785,,12,20,"APROVADO (A)","2023-09-08 18:33:56","0000-00-00 00:00:00",
690,795,"O referido aluno no 1º, 2º e 3º ano do E. Fundamental está amparado pelo parecer 041/97-CEE/GS/RN, Esolução 001/96 - SECD - Diário Oficial nº 8.920 de 01/0197.",15,21,"APROVADO (A)","2023-09-08 18:33:56","0000-00-00 00:00:00",
691,765,,6,16,"APROVADO (A)","2023-09-08 18:33:56","0000-00-00 00:00:00",
692,951,,7,19,"REPROVADO (A)","2023-09-08 18:33:56","0000-00-00 00:00:00",
693,195,,10,20,"APROVADO (A)","2023-09-08 18:33:56","0000-00-00 00:00:00",
694,210,,14,20,"APROVADO (A)","2023-09-08 18:33:56","0000-00-00 00:00:00",
695,902,"O referido aluno no 1º ano do Ensino Fundamental foi avaliado através de relatório.",14,20,"APROVADO (A)","2023-09-08 18:33:56","0000-00-00 00:00:00",
696,1081,"A referida aluna no 1º, 2º e 3º ano do Ensino Fundamental foi amparada pelo parecer 041/97 DOCEE DO RN.",10,20,"APROVADO (A)","2023-09-08 18:33:56","0000-00-00 00:00:00",
697,213,,14,20,"APROVADO (A)","2023-09-08 18:33:56","0000-00-00 00:00:00",
698,1170,,6,11,"APROVADO (A)","2023-09-08 18:33:56","0000-00-00 00:00:00",
699,755,,8,19,TRANSFERIDO(A),"2023-09-08 18:33:56","0000-00-00 00:00:00",
700,237,,15,20,"APROVADO (A)","2023-09-08 18:33:56","0000-00-00 00:00:00",
701,288,,15,20,"APROVADO (A)","2023-09-08 18:33:56","0000-00-00 00:00:00",
702,578,"A referida aluna no 1º ano foi avaliada através de conceito.",13,20,"APROVADO (A)","2023-09-08 18:33:56","0000-00-00 00:00:00",
703,1114,,9,20,"APROVADO (A)","2023-09-08 18:33:56","0000-00-00 00:00:00",
704,784,,12,20,"APROVADO (A)","2023-09-08 18:33:56","0000-00-00 00:00:00",
705,517,,11,21,"APROVADO (A)","2023-09-08 18:33:56","0000-00-00 00:00:00",
706,636,,10,20,"APROVADO (A)","2023-09-08 18:33:56","0000-00-00 00:00:00",
707,958,,10,20,"APROVADO (A)","2023-09-08 18:33:56","0000-00-00 00:00:00",
708,494,,10,19,"APROVADO (A)","2023-09-08 18:33:56","0000-00-00 00:00:00",
709,492,,10,20,"APROVADO (A)","2023-09-08 18:33:56","0000-00-00 00:00:00",
710,971,,13,19,"APROVADO (A)","2023-09-08 18:33:56","0000-00-00 00:00:00",
711,677,,7,20,"APROVADO (A)","2023-09-08 18:33:56","0000-00-00 00:00:00",
712,479,,10,20,"APROVADO (A)","2023-09-08 18:33:56","0000-00-00 00:00:00",
713,507,,6,20,"APROVADO (A)","2023-09-08 18:33:56","0000-00-00 00:00:00",
714,879,,10,20,"APROVADO (A)","2023-09-08 18:33:56","0000-00-00 00:00:00",
715,1112,,7,20,"APROVADO (A)","2023-09-08 18:33:56","0000-00-00 00:00:00",
716,991,,6,20,"APROVADO (A)","2023-09-08 18:33:56","0000-00-00 00:00:00",
717,1053,,7,20,"APROVADO (A)","2023-09-08 18:33:56","0000-00-00 00:00:00",
718,989,,6,20,"APROVADO (A)","2023-09-08 18:33:56","0000-00-00 00:00:00",
719,530,,12,20,"APROVADO (A)","2023-09-08 18:33:56","0000-00-00 00:00:00",
720,225,,15,21,"APROVADO (A)","2023-09-08 18:33:56","0000-00-00 00:00:00",
721,400,,15,4,"APROVADO (A)","2023-09-08 18:33:56","0000-00-00 00:00:00",
722,669,"Segue em anexo o boletim escolar de 2022.",12,21,TRANSFERIDO(A),"2023-09-08 18:33:56","0000-00-00 00:00:00",
723,412,,11,18,"APROVADO (A)","2023-09-08 18:33:56","0000-00-00 00:00:00",
726,1175,,17,2,"APROVADO (A)","2023-09-08 18:33:56","0000-00-00 00:00:00",
727,1051,,8,21,"APROVADO (A)","2023-09-08 18:33:56","0000-00-00 00:00:00",
728,1089,,10,20,"APROVADO (A)","2023-09-08 18:33:56","0000-00-00 00:00:00",
729,411,,14,21,"APROVADO (A)","2023-09-08 18:33:56","0000-00-00 00:00:00",
730,968,,14,21,"APROVADO (A)","2023-09-08 18:33:56","0000-00-00 00:00:00",
731,999,,6,21,"APROVADO (A)","2023-09-08 18:33:56","0000-00-00 00:00:00",
732,933,,9,21,"APROVADO (A)","2023-09-08 18:33:56","0000-00-00 00:00:00",
733,961,,12,21,"APROVADO (A)","2023-09-08 18:33:56","0000-00-00 00:00:00",
734,890,,12,20,"APROVADO (A)","2023-09-08 18:33:56","0000-00-00 00:00:00",
735,678,,8,15,"APROVADO (A)","2023-09-08 18:33:56","0000-00-00 00:00:00",
736,966,,11,19,"REPROVADO (A)","2023-09-08 18:33:56","0000-00-00 00:00:00",
737,1016,,9,21,"APROVADO (A)","2023-09-08 18:33:56","0000-00-00 00:00:00",
738,482,,12,21,"APROVADO (A)","2023-09-08 18:33:56","0000-00-00 00:00:00",
739,864,,16,21,"APROVADO (A)","2023-09-08 18:33:56","0000-00-00 00:00:00",
740,638,,11,21,"APROVADO (A)","2023-09-08 18:33:56","0000-00-00 00:00:00",
741,699,,10,15,"APROVADO (A)","2023-09-08 18:33:56","0000-00-00 00:00:00",
742,408,,14,21,"APROVADO (A)","2023-09-08 18:33:56","0000-00-00 00:00:00",
743,406,,14,21,"APROVADO (A)","2023-09-08 18:33:56","0000-00-00 00:00:00",
744,209,,15,21,"APROVADO (A)","2023-09-08 18:33:56","0000-00-00 00:00:00",
745,227,,15,21,"APROVADO (A)","2023-09-08 18:33:56","0000-00-00 00:00:00",
746,770,"O referido Aluno no 1º ano foi avaliado através de relatório. ",16,21,"APROVADO (A)","2023-09-08 18:33:56","0000-00-00 00:00:00",
747,797,"O referido Aluno no 1º ano foi avaliado através de relatório. ",16,21,"APROVADO (A)","2023-09-08 18:33:56","0000-00-00 00:00:00",
748,243,,16,21,"APROVADO (A)","2023-09-08 18:33:56","0000-00-00 00:00:00",
749,771,,12,21,"APROVADO (A)","2023-09-08 18:33:56","0000-00-00 00:00:00",
750,793,,15,21,"APROVADO (A)","2023-09-08 18:33:56","0000-00-00 00:00:00",
751,1050,,8,21,"APROVADO (A)","2023-09-08 18:33:56","0000-00-00 00:00:00",
752,681,,14,21,"APROVADO (A)","2023-09-08 18:33:56","0000-00-00 00:00:00",
753,934,,7,21,"APROVADO (A)","2023-09-08 18:33:56","0000-00-00 00:00:00",
754,781,,12,20,"APROVADO (A)","2023-09-08 18:33:56","0000-00-00 00:00:00",
755,224,,15,22,"APROVADO (A)","2023-09-08 18:33:56","0000-00-00 00:00:00",
756,680,"A referida aluna no 2º ano está amparada pelo parecer CEE 041/97 Resolução 001/96 - SEEC. Diário Oficial Nº 8.920 de 01/01/1997",14,21,"APROVADO (A)","2023-09-08 18:33:56","0000-00-00 00:00:00",
757,688,,14,21,"APROVADO (A)","2023-09-08 18:33:56","0000-00-00 00:00:00",
758,525,,12,22,"APROVADO (A)","2023-09-08 18:33:56","0000-00-00 00:00:00",
759,248,,16,21,"APROVADO (A)","2023-09-08 18:33:56","0000-00-00 00:00:00",
760,822,,9,21,"APROVADO (A)","2023-09-08 18:33:56","0000-00-00 00:00:00",
761,583,,14,21,"APROVADO (A)","2023-09-08 18:33:56","0000-00-00 00:00:00",
762,417,,14,21,"APROVADO (A)","2023-09-08 18:33:56","0000-00-00 00:00:00",
763,976,,17,21,"APROVADO (A)","2023-09-08 18:33:56","0000-00-00 00:00:00",
764,202,,14,22,"APROVADO (A)","2023-09-08 18:33:56","0000-00-00 00:00:00",
765,679,,14,21,"APROVADO (A)","2023-09-08 18:33:56","0000-00-00 00:00:00",
766,801,,16,21,"APROVADO (A)","2023-09-08 18:33:56","0000-00-00 00:00:00",
767,645,,10,21,"APROVADO (A)","2023-09-08 18:33:56","0000-00-00 00:00:00",
768,682,"A referida aluna realizou matrícula no 3º ano do E. Fundamental no ano letivo de 2016 neste estabelecimento de ensino apresentando declaração de transferência do CENTRO EDUCATIVO RENASCER. Mas não entregou histórico ",10,17,"APROVADO (A)","2023-09-08 18:33:56","0000-00-00 00:00:00",
769,871,,10,21,"APROVADO (A)","2023-09-08 18:33:56","0000-00-00 00:00:00",
770,820,,10,21,"APROVADO (A)","2023-09-08 18:33:56","0000-00-00 00:00:00",
771,859,,7,21,"APROVADO (A)","2023-09-08 18:33:56","0000-00-00 00:00:00",
772,896,,14,21,"APROVADO (A)","2023-09-08 18:33:56","0000-00-00 00:00:00",
773,220,,13,19,"APROVADO (A)","2023-09-08 18:33:56","0000-00-00 00:00:00",
774,701,,14,19,"APROVADO (A)","2023-09-08 18:33:56","0000-00-00 00:00:00",
775,956,,10,20,"APROVADO (A)","2023-09-08 18:33:56","0000-00-00 00:00:00",
776,1127,,10,22,TRANSFERIDO(A),"2023-09-08 18:33:56","0000-00-00 00:00:00",
777,1113,,10,21,"APROVADO (A)","2023-09-08 18:33:56","0000-00-00 00:00:00",
778,580,"O referido aluno no 1º ano do E. Fundamental foi avaliado através de relatório. Sendo aprovado.",7,5,"REPROVADO (A)","2023-09-08 18:33:56","0000-00-00 00:00:00",
779,683,"A referida aluna, no 1º e 2º ano do E. Fundamental, está amparada pelo parecer 010/89 CEE/RN em função de ter estudado em escola privada e os documentos estarem inacessíveis. ",10,22,"APROVADO (A)","2023-09-08 18:33:56","0000-00-00 00:00:00",
780,1234,,12,6,"APROVADO (A)","2023-09-08 18:33:56","0000-00-00 00:00:00",
781,1235,,10,6,"APROVADO (A)","2023-09-08 18:33:56","0000-00-00 00:00:00",
