id,logdate,login,tablename,primarykey,pkvalue,operation,columnname,oldvalue,newvalue,access_ip,transaction_id,log_trace,session_id,class_name,php_sapi,log_year,log_month,log_day
1,"2023-09-04 19:07:09",admin,system_unit,id,1,deleted,atividade,11111,,::1,64f6550dc16b9,"#0 /Users/fredazevedo/Sites/escolar/app/model/log/SystemChangeLogTrait.php(48): SystemChangeLogService::register(Object(SystemUnit), Array, Array)
#1 /Users/fredazevedo/Sites/escolar/lib/adianti/database/TRecord.php(758): SystemUnit->onAfterStore(Object(stdClass))
#2 /Users/fredazevedo/Sites/escolar/app/model/admin/SystemUnit.class.php(107): Adianti\Database\TRecord->store()
#3 /Users/fredazevedo/Sites/escolar/app/control/admin/SystemUnitForm.class.php(286): SystemUnit->store()
#4 [internal function]: SystemUnitForm->onSave(Array)
#5 /Users/fredazevedo/Sites/escolar/lib/adianti/control/TPage.php(107): call_user_func(Array, Array)
#6 /Users/fredazevedo/Sites/escolar/lib/adianti/control/TPage.php(269): Adianti\Control\TPage->run()
#7 /Users/fredazevedo/Sites/escolar/lib/adianti/core/AdiantiCoreApplication.php(96): Adianti\Control\TPage->show(Array)
#8 /Users/fredazevedo/Sites/escolar/engine.php(27): Adianti\Core\AdiantiCoreApplication::run('2')
#9 /Users/fredazevedo/Sites/escolar/engine.php(66): TApplication::run()
#10 {main}",8df66ru9ic8nhfl8pckcm212qb,SystemUnitForm,apache2handler,2023,09,04
2,"2023-09-04 19:07:09",admin,system_unit,id,1,deleted,regime,1,,::1,64f6550dc16b9,"#0 /Users/fredazevedo/Sites/escolar/app/model/log/SystemChangeLogTrait.php(48): SystemChangeLogService::register(Object(SystemUnit), Array, Array)
#1 /Users/fredazevedo/Sites/escolar/lib/adianti/database/TRecord.php(758): SystemUnit->onAfterStore(Object(stdClass))
#2 /Users/fredazevedo/Sites/escolar/app/model/admin/SystemUnit.class.php(107): Adianti\Database\TRecord->store()
#3 /Users/fredazevedo/Sites/escolar/app/control/admin/SystemUnitForm.class.php(286): SystemUnit->store()
#4 [internal function]: SystemUnitForm->onSave(Array)
#5 /Users/fredazevedo/Sites/escolar/lib/adianti/control/TPage.php(107): call_user_func(Array, Array)
#6 /Users/fredazevedo/Sites/escolar/lib/adianti/control/TPage.php(269): Adianti\Control\TPage->run()
#7 /Users/fredazevedo/Sites/escolar/lib/adianti/core/AdiantiCoreApplication.php(96): Adianti\Control\TPage->show(Array)
#8 /Users/fredazevedo/Sites/escolar/engine.php(27): Adianti\Core\AdiantiCoreApplication::run('2')
#9 /Users/fredazevedo/Sites/escolar/engine.php(66): TApplication::run()
#10 {main}",8df66ru9ic8nhfl8pckcm212qb,SystemUnitForm,apache2handler,2023,09,04
3,"2023-09-04 19:07:09",admin,system_unit,id,1,deleted,telefone_sped,8432210456,,::1,64f6550dc16b9,"#0 /Users/fredazevedo/Sites/escolar/app/model/log/SystemChangeLogTrait.php(48): SystemChangeLogService::register(Object(SystemUnit), Array, Array)
#1 /Users/fredazevedo/Sites/escolar/lib/adianti/database/TRecord.php(758): SystemUnit->onAfterStore(Object(stdClass))
#2 /Users/fredazevedo/Sites/escolar/app/model/admin/SystemUnit.class.php(107): Adianti\Database\TRecord->store()
#3 /Users/fredazevedo/Sites/escolar/app/control/admin/SystemUnitForm.class.php(286): SystemUnit->store()
#4 [internal function]: SystemUnitForm->onSave(Array)
#5 /Users/fredazevedo/Sites/escolar/lib/adianti/control/TPage.php(107): call_user_func(Array, Array)
#6 /Users/fredazevedo/Sites/escolar/lib/adianti/control/TPage.php(269): Adianti\Control\TPage->run()
#7 /Users/fredazevedo/Sites/escolar/lib/adianti/core/AdiantiCoreApplication.php(96): Adianti\Control\TPage->show(Array)
#8 /Users/fredazevedo/Sites/escolar/engine.php(27): Adianti\Core\AdiantiCoreApplication::run('2')
#9 /Users/fredazevedo/Sites/escolar/engine.php(66): TApplication::run()
#10 {main}",8df66ru9ic8nhfl8pckcm212qb,SystemUnitForm,apache2handler,2023,09,04
4,"2023-09-04 19:07:09",admin,system_unit,id,1,deleted,updated_at,"2017-11-25 02:00:00",,::1,64f6550dc16b9,"#0 /Users/fredazevedo/Sites/escolar/app/model/log/SystemChangeLogTrait.php(48): SystemChangeLogService::register(Object(SystemUnit), Array, Array)
#1 /Users/fredazevedo/Sites/escolar/lib/adianti/database/TRecord.php(758): SystemUnit->onAfterStore(Object(stdClass))
#2 /Users/fredazevedo/Sites/escolar/app/model/admin/SystemUnit.class.php(107): Adianti\Database\TRecord->store()
#3 /Users/fredazevedo/Sites/escolar/app/control/admin/SystemUnitForm.class.php(286): SystemUnit->store()
#4 [internal function]: SystemUnitForm->onSave(Array)
#5 /Users/fredazevedo/Sites/escolar/lib/adianti/control/TPage.php(107): call_user_func(Array, Array)
#6 /Users/fredazevedo/Sites/escolar/lib/adianti/control/TPage.php(269): Adianti\Control\TPage->run()
#7 /Users/fredazevedo/Sites/escolar/lib/adianti/core/AdiantiCoreApplication.php(96): Adianti\Control\TPage->show(Array)
#8 /Users/fredazevedo/Sites/escolar/engine.php(27): Adianti\Core\AdiantiCoreApplication::run('2')
#9 /Users/fredazevedo/Sites/escolar/engine.php(66): TApplication::run()
#10 {main}",8df66ru9ic8nhfl8pckcm212qb,SystemUnitForm,apache2handler,2023,09,04
5,"2023-09-04 19:07:09",admin,system_unit,id,1,changed,razao_social,"WIZARD SYSTEM TECNOLOGIA DA COMUNICAÇÃO","M DA C CUNHA PRE ESCOLA",::1,64f6550dc16b9,"#0 /Users/fredazevedo/Sites/escolar/app/model/log/SystemChangeLogTrait.php(48): SystemChangeLogService::register(Object(SystemUnit), Array, Array)
#1 /Users/fredazevedo/Sites/escolar/lib/adianti/database/TRecord.php(758): SystemUnit->onAfterStore(Object(stdClass))
#2 /Users/fredazevedo/Sites/escolar/app/model/admin/SystemUnit.class.php(107): Adianti\Database\TRecord->store()
#3 /Users/fredazevedo/Sites/escolar/app/control/admin/SystemUnitForm.class.php(286): SystemUnit->store()
#4 [internal function]: SystemUnitForm->onSave(Array)
#5 /Users/fredazevedo/Sites/escolar/lib/adianti/control/TPage.php(107): call_user_func(Array, Array)
#6 /Users/fredazevedo/Sites/escolar/lib/adianti/control/TPage.php(269): Adianti\Control\TPage->run()
#7 /Users/fredazevedo/Sites/escolar/lib/adianti/core/AdiantiCoreApplication.php(96): Adianti\Control\TPage->show(Array)
#8 /Users/fredazevedo/Sites/escolar/engine.php(27): Adianti\Core\AdiantiCoreApplication::run('2')
#9 /Users/fredazevedo/Sites/escolar/engine.php(66): TApplication::run()
#10 {main}",8df66ru9ic8nhfl8pckcm212qb,SystemUnitForm,apache2handler,2023,09,04
6,"2023-09-04 19:07:09",admin,system_unit,id,1,changed,nome_fantasia,"WIZARD SYSTEM","COLEGIO CAMINHO DO SABER",::1,64f6550dc16b9,"#0 /Users/fredazevedo/Sites/escolar/app/model/log/SystemChangeLogTrait.php(48): SystemChangeLogService::register(Object(SystemUnit), Array, Array)
#1 /Users/fredazevedo/Sites/escolar/lib/adianti/database/TRecord.php(758): SystemUnit->onAfterStore(Object(stdClass))
#2 /Users/fredazevedo/Sites/escolar/app/model/admin/SystemUnit.class.php(107): Adianti\Database\TRecord->store()
#3 /Users/fredazevedo/Sites/escolar/app/control/admin/SystemUnitForm.class.php(286): SystemUnit->store()
#4 [internal function]: SystemUnitForm->onSave(Array)
#5 /Users/fredazevedo/Sites/escolar/lib/adianti/control/TPage.php(107): call_user_func(Array, Array)
#6 /Users/fredazevedo/Sites/escolar/lib/adianti/control/TPage.php(269): Adianti\Control\TPage->run()
#7 /Users/fredazevedo/Sites/escolar/lib/adianti/core/AdiantiCoreApplication.php(96): Adianti\Control\TPage->show(Array)
#8 /Users/fredazevedo/Sites/escolar/engine.php(27): Adianti\Core\AdiantiCoreApplication::run('2')
#9 /Users/fredazevedo/Sites/escolar/engine.php(66): TApplication::run()
#10 {main}",8df66ru9ic8nhfl8pckcm212qb,SystemUnitForm,apache2handler,2023,09,04
7,"2023-09-04 19:07:09",admin,system_unit,id,1,changed,responsavel,"PEDRO FLÁVIO QUEIROZ BARBOSA","MARIA CÉIÇA",::1,64f6550dc16b9,"#0 /Users/fredazevedo/Sites/escolar/app/model/log/SystemChangeLogTrait.php(48): SystemChangeLogService::register(Object(SystemUnit), Array, Array)
#1 /Users/fredazevedo/Sites/escolar/lib/adianti/database/TRecord.php(758): SystemUnit->onAfterStore(Object(stdClass))
#2 /Users/fredazevedo/Sites/escolar/app/model/admin/SystemUnit.class.php(107): Adianti\Database\TRecord->store()
#3 /Users/fredazevedo/Sites/escolar/app/control/admin/SystemUnitForm.class.php(286): SystemUnit->store()
#4 [internal function]: SystemUnitForm->onSave(Array)
#5 /Users/fredazevedo/Sites/escolar/lib/adianti/control/TPage.php(107): call_user_func(Array, Array)
#6 /Users/fredazevedo/Sites/escolar/lib/adianti/control/TPage.php(269): Adianti\Control\TPage->run()
#7 /Users/fredazevedo/Sites/escolar/lib/adianti/core/AdiantiCoreApplication.php(96): Adianti\Control\TPage->show(Array)
#8 /Users/fredazevedo/Sites/escolar/engine.php(27): Adianti\Core\AdiantiCoreApplication::run('2')
#9 /Users/fredazevedo/Sites/escolar/engine.php(66): TApplication::run()
#10 {main}",8df66ru9ic8nhfl8pckcm212qb,SystemUnitForm,apache2handler,2023,09,04
8,"2023-09-04 19:07:09",admin,system_unit,id,1,changed,cnpj,00.504.923/0001-80,07.148.818/0001-03,::1,64f6550dc16b9,"#0 /Users/fredazevedo/Sites/escolar/app/model/log/SystemChangeLogTrait.php(48): SystemChangeLogService::register(Object(SystemUnit), Array, Array)
#1 /Users/fredazevedo/Sites/escolar/lib/adianti/database/TRecord.php(758): SystemUnit->onAfterStore(Object(stdClass))
#2 /Users/fredazevedo/Sites/escolar/app/model/admin/SystemUnit.class.php(107): Adianti\Database\TRecord->store()
#3 /Users/fredazevedo/Sites/escolar/app/control/admin/SystemUnitForm.class.php(286): SystemUnit->store()
#4 [internal function]: SystemUnitForm->onSave(Array)
#5 /Users/fredazevedo/Sites/escolar/lib/adianti/control/TPage.php(107): call_user_func(Array, Array)
#6 /Users/fredazevedo/Sites/escolar/lib/adianti/control/TPage.php(269): Adianti\Control\TPage->run()
#7 /Users/fredazevedo/Sites/escolar/lib/adianti/core/AdiantiCoreApplication.php(96): Adianti\Control\TPage->show(Array)
#8 /Users/fredazevedo/Sites/escolar/engine.php(27): Adianti\Core\AdiantiCoreApplication::run('2')
#9 /Users/fredazevedo/Sites/escolar/engine.php(66): TApplication::run()
#10 {main}",8df66ru9ic8nhfl8pckcm212qb,SystemUnitForm,apache2handler,2023,09,04
9,"2023-09-04 19:07:09",admin,system_unit,id,1,changed,email,polyclima@polyclima.com.br,ccs@email.com.br,::1,64f6550dc16b9,"#0 /Users/fredazevedo/Sites/escolar/app/model/log/SystemChangeLogTrait.php(48): SystemChangeLogService::register(Object(SystemUnit), Array, Array)
#1 /Users/fredazevedo/Sites/escolar/lib/adianti/database/TRecord.php(758): SystemUnit->onAfterStore(Object(stdClass))
#2 /Users/fredazevedo/Sites/escolar/app/model/admin/SystemUnit.class.php(107): Adianti\Database\TRecord->store()
#3 /Users/fredazevedo/Sites/escolar/app/control/admin/SystemUnitForm.class.php(286): SystemUnit->store()
#4 [internal function]: SystemUnitForm->onSave(Array)
#5 /Users/fredazevedo/Sites/escolar/lib/adianti/control/TPage.php(107): call_user_func(Array, Array)
#6 /Users/fredazevedo/Sites/escolar/lib/adianti/control/TPage.php(269): Adianti\Control\TPage->run()
#7 /Users/fredazevedo/Sites/escolar/lib/adianti/core/AdiantiCoreApplication.php(96): Adianti\Control\TPage->show(Array)
#8 /Users/fredazevedo/Sites/escolar/engine.php(27): Adianti\Core\AdiantiCoreApplication::run('2')
#9 /Users/fredazevedo/Sites/escolar/engine.php(66): TApplication::run()
#10 {main}",8df66ru9ic8nhfl8pckcm212qb,SystemUnitForm,apache2handler,2023,09,04
10,"2023-09-04 19:07:09",admin,system_unit,id,1,changed,site,www.polyclima.com.br,www.ccs.com.br,::1,64f6550dc16b9,"#0 /Users/fredazevedo/Sites/escolar/app/model/log/SystemChangeLogTrait.php(48): SystemChangeLogService::register(Object(SystemUnit), Array, Array)
#1 /Users/fredazevedo/Sites/escolar/lib/adianti/database/TRecord.php(758): SystemUnit->onAfterStore(Object(stdClass))
#2 /Users/fredazevedo/Sites/escolar/app/model/admin/SystemUnit.class.php(107): Adianti\Database\TRecord->store()
#3 /Users/fredazevedo/Sites/escolar/app/control/admin/SystemUnitForm.class.php(286): SystemUnit->store()
#4 [internal function]: SystemUnitForm->onSave(Array)
#5 /Users/fredazevedo/Sites/escolar/lib/adianti/control/TPage.php(107): call_user_func(Array, Array)
#6 /Users/fredazevedo/Sites/escolar/lib/adianti/control/TPage.php(269): Adianti\Control\TPage->run()
#7 /Users/fredazevedo/Sites/escolar/lib/adianti/core/AdiantiCoreApplication.php(96): Adianti\Control\TPage->show(Array)
#8 /Users/fredazevedo/Sites/escolar/engine.php(27): Adianti\Core\AdiantiCoreApplication::run('2')
#9 /Users/fredazevedo/Sites/escolar/engine.php(66): TApplication::run()
#10 {main}",8df66ru9ic8nhfl8pckcm212qb,SystemUnitForm,apache2handler,2023,09,04
11,"2023-09-06 14:42:00",admin,system_user,id,2,created,id,,2,10.101.20.89,64f8e4180afd1,"#0 /var/www/webroot/ROOT/app/model/log/SystemChangeLogTrait.php(48): SystemChangeLogService::register(Object(SystemUser), Array, Array)
#1 /var/www/webroot/ROOT/lib/adianti/database/TRecord.php(758): SystemUser->onAfterStore(Object(stdClass))
#2 /var/www/webroot/ROOT/app/control/admin/SystemUserForm.class.php(213): Adianti\Database\TRecord->store()
#3 [internal function]: SystemUserForm->onSave(Array)
#4 /var/www/webroot/ROOT/lib/adianti/control/TPage.php(107): call_user_func(Array, Array)
#5 /var/www/webroot/ROOT/lib/adianti/control/TPage.php(269): Adianti\Control\TPage->run()
#6 /var/www/webroot/ROOT/lib/adianti/core/AdiantiCoreApplication.php(96): Adianti\Control\TPage->show(Array)
#7 /var/www/webroot/ROOT/engine.php(27): Adianti\Core\AdiantiCoreApplication::run('2')
#8 /var/www/webroot/ROOT/engine.php(66): TApplication::run()
#9 {main}",99677eb08feeb992d5bb2a18d7380af5,SystemUserForm,apache2handler,2023,09,06
12,"2023-09-06 14:42:00",admin,system_user,id,2,created,name,,"Luciene Cunha",10.101.20.89,64f8e4180afd1,"#0 /var/www/webroot/ROOT/app/model/log/SystemChangeLogTrait.php(48): SystemChangeLogService::register(Object(SystemUser), Array, Array)
#1 /var/www/webroot/ROOT/lib/adianti/database/TRecord.php(758): SystemUser->onAfterStore(Object(stdClass))
#2 /var/www/webroot/ROOT/app/control/admin/SystemUserForm.class.php(213): Adianti\Database\TRecord->store()
#3 [internal function]: SystemUserForm->onSave(Array)
#4 /var/www/webroot/ROOT/lib/adianti/control/TPage.php(107): call_user_func(Array, Array)
#5 /var/www/webroot/ROOT/lib/adianti/control/TPage.php(269): Adianti\Control\TPage->run()
#6 /var/www/webroot/ROOT/lib/adianti/core/AdiantiCoreApplication.php(96): Adianti\Control\TPage->show(Array)
#7 /var/www/webroot/ROOT/engine.php(27): Adianti\Core\AdiantiCoreApplication::run('2')
#8 /var/www/webroot/ROOT/engine.php(66): TApplication::run()
#9 {main}",99677eb08feeb992d5bb2a18d7380af5,SystemUserForm,apache2handler,2023,09,06
13,"2023-09-06 14:42:00",admin,system_user,id,2,created,email,,flucienecunha@gmail.com,10.101.20.89,64f8e4180afd1,"#0 /var/www/webroot/ROOT/app/model/log/SystemChangeLogTrait.php(48): SystemChangeLogService::register(Object(SystemUser), Array, Array)
#1 /var/www/webroot/ROOT/lib/adianti/database/TRecord.php(758): SystemUser->onAfterStore(Object(stdClass))
#2 /var/www/webroot/ROOT/app/control/admin/SystemUserForm.class.php(213): Adianti\Database\TRecord->store()
#3 [internal function]: SystemUserForm->onSave(Array)
#4 /var/www/webroot/ROOT/lib/adianti/control/TPage.php(107): call_user_func(Array, Array)
#5 /var/www/webroot/ROOT/lib/adianti/control/TPage.php(269): Adianti\Control\TPage->run()
#6 /var/www/webroot/ROOT/lib/adianti/core/AdiantiCoreApplication.php(96): Adianti\Control\TPage->show(Array)
#7 /var/www/webroot/ROOT/engine.php(27): Adianti\Core\AdiantiCoreApplication::run('2')
#8 /var/www/webroot/ROOT/engine.php(66): TApplication::run()
#9 {main}",99677eb08feeb992d5bb2a18d7380af5,SystemUserForm,apache2handler,2023,09,06
14,"2023-09-06 14:42:00",admin,system_user,id,2,created,system_unit_id,,1,10.101.20.89,64f8e4180afd1,"#0 /var/www/webroot/ROOT/app/model/log/SystemChangeLogTrait.php(48): SystemChangeLogService::register(Object(SystemUser), Array, Array)
#1 /var/www/webroot/ROOT/lib/adianti/database/TRecord.php(758): SystemUser->onAfterStore(Object(stdClass))
#2 /var/www/webroot/ROOT/app/control/admin/SystemUserForm.class.php(213): Adianti\Database\TRecord->store()
#3 [internal function]: SystemUserForm->onSave(Array)
#4 /var/www/webroot/ROOT/lib/adianti/control/TPage.php(107): call_user_func(Array, Array)
#5 /var/www/webroot/ROOT/lib/adianti/control/TPage.php(269): Adianti\Control\TPage->run()
#6 /var/www/webroot/ROOT/lib/adianti/core/AdiantiCoreApplication.php(96): Adianti\Control\TPage->show(Array)
#7 /var/www/webroot/ROOT/engine.php(27): Adianti\Core\AdiantiCoreApplication::run('2')
#8 /var/www/webroot/ROOT/engine.php(66): TApplication::run()
#9 {main}",99677eb08feeb992d5bb2a18d7380af5,SystemUserForm,apache2handler,2023,09,06
15,"2023-09-06 14:42:00",admin,system_user,id,2,created,frontpage_id,,10,10.101.20.89,64f8e4180afd1,"#0 /var/www/webroot/ROOT/app/model/log/SystemChangeLogTrait.php(48): SystemChangeLogService::register(Object(SystemUser), Array, Array)
#1 /var/www/webroot/ROOT/lib/adianti/database/TRecord.php(758): SystemUser->onAfterStore(Object(stdClass))
#2 /var/www/webroot/ROOT/app/control/admin/SystemUserForm.class.php(213): Adianti\Database\TRecord->store()
#3 [internal function]: SystemUserForm->onSave(Array)
#4 /var/www/webroot/ROOT/lib/adianti/control/TPage.php(107): call_user_func(Array, Array)
#5 /var/www/webroot/ROOT/lib/adianti/control/TPage.php(269): Adianti\Control\TPage->run()
#6 /var/www/webroot/ROOT/lib/adianti/core/AdiantiCoreApplication.php(96): Adianti\Control\TPage->show(Array)
#7 /var/www/webroot/ROOT/engine.php(27): Adianti\Core\AdiantiCoreApplication::run('2')
#8 /var/www/webroot/ROOT/engine.php(66): TApplication::run()
#9 {main}",99677eb08feeb992d5bb2a18d7380af5,SystemUserForm,apache2handler,2023,09,06
16,"2023-09-06 14:42:00",admin,system_user,id,2,created,login,,luciene,10.101.20.89,64f8e4180afd1,"#0 /var/www/webroot/ROOT/app/model/log/SystemChangeLogTrait.php(48): SystemChangeLogService::register(Object(SystemUser), Array, Array)
#1 /var/www/webroot/ROOT/lib/adianti/database/TRecord.php(758): SystemUser->onAfterStore(Object(stdClass))
#2 /var/www/webroot/ROOT/app/control/admin/SystemUserForm.class.php(213): Adianti\Database\TRecord->store()
#3 [internal function]: SystemUserForm->onSave(Array)
#4 /var/www/webroot/ROOT/lib/adianti/control/TPage.php(107): call_user_func(Array, Array)
#5 /var/www/webroot/ROOT/lib/adianti/control/TPage.php(269): Adianti\Control\TPage->run()
#6 /var/www/webroot/ROOT/lib/adianti/core/AdiantiCoreApplication.php(96): Adianti\Control\TPage->show(Array)
#7 /var/www/webroot/ROOT/engine.php(27): Adianti\Core\AdiantiCoreApplication::run('2')
#8 /var/www/webroot/ROOT/engine.php(66): TApplication::run()
#9 {main}",99677eb08feeb992d5bb2a18d7380af5,SystemUserForm,apache2handler,2023,09,06
17,"2023-09-06 14:42:00",admin,system_user,id,2,created,password,,4cd51e51a4225287c8bb2fa0eb4343e1,10.101.20.89,64f8e4180afd1,"#0 /var/www/webroot/ROOT/app/model/log/SystemChangeLogTrait.php(48): SystemChangeLogService::register(Object(SystemUser), Array, Array)
#1 /var/www/webroot/ROOT/lib/adianti/database/TRecord.php(758): SystemUser->onAfterStore(Object(stdClass))
#2 /var/www/webroot/ROOT/app/control/admin/SystemUserForm.class.php(213): Adianti\Database\TRecord->store()
#3 [internal function]: SystemUserForm->onSave(Array)
#4 /var/www/webroot/ROOT/lib/adianti/control/TPage.php(107): call_user_func(Array, Array)
#5 /var/www/webroot/ROOT/lib/adianti/control/TPage.php(269): Adianti\Control\TPage->run()
#6 /var/www/webroot/ROOT/lib/adianti/core/AdiantiCoreApplication.php(96): Adianti\Control\TPage->show(Array)
#7 /var/www/webroot/ROOT/engine.php(27): Adianti\Core\AdiantiCoreApplication::run('2')
#8 /var/www/webroot/ROOT/engine.php(66): TApplication::run()
#9 {main}",99677eb08feeb992d5bb2a18d7380af5,SystemUserForm,apache2handler,2023,09,06
18,"2023-09-06 14:42:00",admin,system_user,id,2,created,active,,Y,10.101.20.89,64f8e4180afd1,"#0 /var/www/webroot/ROOT/app/model/log/SystemChangeLogTrait.php(48): SystemChangeLogService::register(Object(SystemUser), Array, Array)
#1 /var/www/webroot/ROOT/lib/adianti/database/TRecord.php(758): SystemUser->onAfterStore(Object(stdClass))
#2 /var/www/webroot/ROOT/app/control/admin/SystemUserForm.class.php(213): Adianti\Database\TRecord->store()
#3 [internal function]: SystemUserForm->onSave(Array)
#4 /var/www/webroot/ROOT/lib/adianti/control/TPage.php(107): call_user_func(Array, Array)
#5 /var/www/webroot/ROOT/lib/adianti/control/TPage.php(269): Adianti\Control\TPage->run()
#6 /var/www/webroot/ROOT/lib/adianti/core/AdiantiCoreApplication.php(96): Adianti\Control\TPage->show(Array)
#7 /var/www/webroot/ROOT/engine.php(27): Adianti\Core\AdiantiCoreApplication::run('2')
#8 /var/www/webroot/ROOT/engine.php(66): TApplication::run()
#9 {main}",99677eb08feeb992d5bb2a18d7380af5,SystemUserForm,apache2handler,2023,09,06
19,"2023-09-06 14:42:56",admin,system_user,id,3,created,id,,3,10.101.20.89,64f8e450a5368,"#0 /var/www/webroot/ROOT/app/model/log/SystemChangeLogTrait.php(48): SystemChangeLogService::register(Object(SystemUser), Array, Array)
#1 /var/www/webroot/ROOT/lib/adianti/database/TRecord.php(758): SystemUser->onAfterStore(Object(stdClass))
#2 /var/www/webroot/ROOT/app/control/admin/SystemUserForm.class.php(213): Adianti\Database\TRecord->store()
#3 [internal function]: SystemUserForm->onSave(Array)
#4 /var/www/webroot/ROOT/lib/adianti/control/TPage.php(107): call_user_func(Array, Array)
#5 /var/www/webroot/ROOT/lib/adianti/control/TPage.php(269): Adianti\Control\TPage->run()
#6 /var/www/webroot/ROOT/lib/adianti/core/AdiantiCoreApplication.php(96): Adianti\Control\TPage->show(Array)
#7 /var/www/webroot/ROOT/engine.php(27): Adianti\Core\AdiantiCoreApplication::run('2')
#8 /var/www/webroot/ROOT/engine.php(66): TApplication::run()
#9 {main}",99677eb08feeb992d5bb2a18d7380af5,SystemUserForm,apache2handler,2023,09,06
20,"2023-09-06 14:42:56",admin,system_user,id,3,created,name,,"Thainara Cunha",10.101.20.89,64f8e450a5368,"#0 /var/www/webroot/ROOT/app/model/log/SystemChangeLogTrait.php(48): SystemChangeLogService::register(Object(SystemUser), Array, Array)
#1 /var/www/webroot/ROOT/lib/adianti/database/TRecord.php(758): SystemUser->onAfterStore(Object(stdClass))
#2 /var/www/webroot/ROOT/app/control/admin/SystemUserForm.class.php(213): Adianti\Database\TRecord->store()
#3 [internal function]: SystemUserForm->onSave(Array)
#4 /var/www/webroot/ROOT/lib/adianti/control/TPage.php(107): call_user_func(Array, Array)
#5 /var/www/webroot/ROOT/lib/adianti/control/TPage.php(269): Adianti\Control\TPage->run()
#6 /var/www/webroot/ROOT/lib/adianti/core/AdiantiCoreApplication.php(96): Adianti\Control\TPage->show(Array)
#7 /var/www/webroot/ROOT/engine.php(27): Adianti\Core\AdiantiCoreApplication::run('2')
#8 /var/www/webroot/ROOT/engine.php(66): TApplication::run()
#9 {main}",99677eb08feeb992d5bb2a18d7380af5,SystemUserForm,apache2handler,2023,09,06
21,"2023-09-06 14:42:56",admin,system_user,id,3,created,email,,thainaracunha@gmail.com,10.101.20.89,64f8e450a5368,"#0 /var/www/webroot/ROOT/app/model/log/SystemChangeLogTrait.php(48): SystemChangeLogService::register(Object(SystemUser), Array, Array)
#1 /var/www/webroot/ROOT/lib/adianti/database/TRecord.php(758): SystemUser->onAfterStore(Object(stdClass))
#2 /var/www/webroot/ROOT/app/control/admin/SystemUserForm.class.php(213): Adianti\Database\TRecord->store()
#3 [internal function]: SystemUserForm->onSave(Array)
#4 /var/www/webroot/ROOT/lib/adianti/control/TPage.php(107): call_user_func(Array, Array)
#5 /var/www/webroot/ROOT/lib/adianti/control/TPage.php(269): Adianti\Control\TPage->run()
#6 /var/www/webroot/ROOT/lib/adianti/core/AdiantiCoreApplication.php(96): Adianti\Control\TPage->show(Array)
#7 /var/www/webroot/ROOT/engine.php(27): Adianti\Core\AdiantiCoreApplication::run('2')
#8 /var/www/webroot/ROOT/engine.php(66): TApplication::run()
#9 {main}",99677eb08feeb992d5bb2a18d7380af5,SystemUserForm,apache2handler,2023,09,06
22,"2023-09-06 14:42:56",admin,system_user,id,3,created,system_unit_id,,1,10.101.20.89,64f8e450a5368,"#0 /var/www/webroot/ROOT/app/model/log/SystemChangeLogTrait.php(48): SystemChangeLogService::register(Object(SystemUser), Array, Array)
#1 /var/www/webroot/ROOT/lib/adianti/database/TRecord.php(758): SystemUser->onAfterStore(Object(stdClass))
#2 /var/www/webroot/ROOT/app/control/admin/SystemUserForm.class.php(213): Adianti\Database\TRecord->store()
#3 [internal function]: SystemUserForm->onSave(Array)
#4 /var/www/webroot/ROOT/lib/adianti/control/TPage.php(107): call_user_func(Array, Array)
#5 /var/www/webroot/ROOT/lib/adianti/control/TPage.php(269): Adianti\Control\TPage->run()
#6 /var/www/webroot/ROOT/lib/adianti/core/AdiantiCoreApplication.php(96): Adianti\Control\TPage->show(Array)
#7 /var/www/webroot/ROOT/engine.php(27): Adianti\Core\AdiantiCoreApplication::run('2')
#8 /var/www/webroot/ROOT/engine.php(66): TApplication::run()
#9 {main}",99677eb08feeb992d5bb2a18d7380af5,SystemUserForm,apache2handler,2023,09,06
23,"2023-09-06 14:42:56",admin,system_user,id,3,created,frontpage_id,,10,10.101.20.89,64f8e450a5368,"#0 /var/www/webroot/ROOT/app/model/log/SystemChangeLogTrait.php(48): SystemChangeLogService::register(Object(SystemUser), Array, Array)
#1 /var/www/webroot/ROOT/lib/adianti/database/TRecord.php(758): SystemUser->onAfterStore(Object(stdClass))
#2 /var/www/webroot/ROOT/app/control/admin/SystemUserForm.class.php(213): Adianti\Database\TRecord->store()
#3 [internal function]: SystemUserForm->onSave(Array)
#4 /var/www/webroot/ROOT/lib/adianti/control/TPage.php(107): call_user_func(Array, Array)
#5 /var/www/webroot/ROOT/lib/adianti/control/TPage.php(269): Adianti\Control\TPage->run()
#6 /var/www/webroot/ROOT/lib/adianti/core/AdiantiCoreApplication.php(96): Adianti\Control\TPage->show(Array)
#7 /var/www/webroot/ROOT/engine.php(27): Adianti\Core\AdiantiCoreApplication::run('2')
#8 /var/www/webroot/ROOT/engine.php(66): TApplication::run()
#9 {main}",99677eb08feeb992d5bb2a18d7380af5,SystemUserForm,apache2handler,2023,09,06
24,"2023-09-06 14:42:56",admin,system_user,id,3,created,login,,thainara,10.101.20.89,64f8e450a5368,"#0 /var/www/webroot/ROOT/app/model/log/SystemChangeLogTrait.php(48): SystemChangeLogService::register(Object(SystemUser), Array, Array)
#1 /var/www/webroot/ROOT/lib/adianti/database/TRecord.php(758): SystemUser->onAfterStore(Object(stdClass))
#2 /var/www/webroot/ROOT/app/control/admin/SystemUserForm.class.php(213): Adianti\Database\TRecord->store()
#3 [internal function]: SystemUserForm->onSave(Array)
#4 /var/www/webroot/ROOT/lib/adianti/control/TPage.php(107): call_user_func(Array, Array)
#5 /var/www/webroot/ROOT/lib/adianti/control/TPage.php(269): Adianti\Control\TPage->run()
#6 /var/www/webroot/ROOT/lib/adianti/core/AdiantiCoreApplication.php(96): Adianti\Control\TPage->show(Array)
#7 /var/www/webroot/ROOT/engine.php(27): Adianti\Core\AdiantiCoreApplication::run('2')
#8 /var/www/webroot/ROOT/engine.php(66): TApplication::run()
#9 {main}",99677eb08feeb992d5bb2a18d7380af5,SystemUserForm,apache2handler,2023,09,06
25,"2023-09-06 14:42:56",admin,system_user,id,3,created,password,,4cd51e51a4225287c8bb2fa0eb4343e1,10.101.20.89,64f8e450a5368,"#0 /var/www/webroot/ROOT/app/model/log/SystemChangeLogTrait.php(48): SystemChangeLogService::register(Object(SystemUser), Array, Array)
#1 /var/www/webroot/ROOT/lib/adianti/database/TRecord.php(758): SystemUser->onAfterStore(Object(stdClass))
#2 /var/www/webroot/ROOT/app/control/admin/SystemUserForm.class.php(213): Adianti\Database\TRecord->store()
#3 [internal function]: SystemUserForm->onSave(Array)
#4 /var/www/webroot/ROOT/lib/adianti/control/TPage.php(107): call_user_func(Array, Array)
#5 /var/www/webroot/ROOT/lib/adianti/control/TPage.php(269): Adianti\Control\TPage->run()
#6 /var/www/webroot/ROOT/lib/adianti/core/AdiantiCoreApplication.php(96): Adianti\Control\TPage->show(Array)
#7 /var/www/webroot/ROOT/engine.php(27): Adianti\Core\AdiantiCoreApplication::run('2')
#8 /var/www/webroot/ROOT/engine.php(66): TApplication::run()
#9 {main}",99677eb08feeb992d5bb2a18d7380af5,SystemUserForm,apache2handler,2023,09,06
26,"2023-09-06 14:42:56",admin,system_user,id,3,created,active,,Y,10.101.20.89,64f8e450a5368,"#0 /var/www/webroot/ROOT/app/model/log/SystemChangeLogTrait.php(48): SystemChangeLogService::register(Object(SystemUser), Array, Array)
#1 /var/www/webroot/ROOT/lib/adianti/database/TRecord.php(758): SystemUser->onAfterStore(Object(stdClass))
#2 /var/www/webroot/ROOT/app/control/admin/SystemUserForm.class.php(213): Adianti\Database\TRecord->store()
#3 [internal function]: SystemUserForm->onSave(Array)
#4 /var/www/webroot/ROOT/lib/adianti/control/TPage.php(107): call_user_func(Array, Array)
#5 /var/www/webroot/ROOT/lib/adianti/control/TPage.php(269): Adianti\Control\TPage->run()
#6 /var/www/webroot/ROOT/lib/adianti/core/AdiantiCoreApplication.php(96): Adianti\Control\TPage->show(Array)
#7 /var/www/webroot/ROOT/engine.php(27): Adianti\Core\AdiantiCoreApplication::run('2')
#8 /var/www/webroot/ROOT/engine.php(66): TApplication::run()
#9 {main}",99677eb08feeb992d5bb2a18d7380af5,SystemUserForm,apache2handler,2023,09,06
27,"2023-09-06 14:48:20",thainara,system_user,id,3,changed,password,4cd51e51a4225287c8bb2fa0eb4343e1,56daaa1329ee509600fccc35a77dd3aa,10.101.20.89,64f8e594c1e65,"#0 /var/www/webroot/ROOT/app/model/log/SystemChangeLogTrait.php(48): SystemChangeLogService::register(Object(SystemUser), Array, Array)
#1 /var/www/webroot/ROOT/lib/adianti/database/TRecord.php(758): SystemUser->onAfterStore(Object(stdClass))
#2 /var/www/webroot/ROOT/app/control/admin/SystemProfileForm.class.php(111): Adianti\Database\TRecord->store()
#3 [internal function]: SystemProfileForm->onSave(Array)
#4 /var/www/webroot/ROOT/lib/adianti/control/TPage.php(107): call_user_func(Array, Array)
#5 /var/www/webroot/ROOT/lib/adianti/control/TPage.php(269): Adianti\Control\TPage->run()
#6 /var/www/webroot/ROOT/lib/adianti/core/AdiantiCoreApplication.php(96): Adianti\Control\TPage->show(Array)
#7 /var/www/webroot/ROOT/engine.php(27): Adianti\Core\AdiantiCoreApplication::run('2')
#8 /var/www/webroot/ROOT/engine.php(66): TApplication::run()
#9 {main}",8a735842b1bf4abb748db5a857e884a9,SystemProfileForm,apache2handler,2023,09,06
28,"2023-09-08 13:32:28",luciene,system_unit,id,1,deleted,atividade,11111,,10.101.20.89,64fb76cc46499,"#0 /var/www/webroot/ROOT/app/model/log/SystemChangeLogTrait.php(48): SystemChangeLogService::register(Object(SystemUnit), Array, Array)
#1 /var/www/webroot/ROOT/lib/adianti/database/TRecord.php(758): SystemUnit->onAfterStore(Object(stdClass))
#2 /var/www/webroot/ROOT/app/model/admin/SystemUnit.class.php(107): Adianti\Database\TRecord->store()
#3 /var/www/webroot/ROOT/app/control/admin/SystemUnitForm.class.php(286): SystemUnit->store()
#4 [internal function]: SystemUnitForm->onSave(Array)
#5 /var/www/webroot/ROOT/lib/adianti/control/TPage.php(107): call_user_func(Array, Array)
#6 /var/www/webroot/ROOT/lib/adianti/control/TPage.php(269): Adianti\Control\TPage->run()
#7 /var/www/webroot/ROOT/lib/adianti/core/AdiantiCoreApplication.php(96): Adianti\Control\TPage->show(Array)
#8 /var/www/webroot/ROOT/engine.php(27): Adianti\Core\AdiantiCoreApplication::run('2')
#9 /var/www/webroot/ROOT/engine.php(66): TApplication::run()
#10 {main}",a173801b1416d027932c19ba6e473f49,SystemUnitForm,apache2handler,2023,09,08
29,"2023-09-08 13:32:28",luciene,system_unit,id,1,deleted,regime,1,,10.101.20.89,64fb76cc46499,"#0 /var/www/webroot/ROOT/app/model/log/SystemChangeLogTrait.php(48): SystemChangeLogService::register(Object(SystemUnit), Array, Array)
#1 /var/www/webroot/ROOT/lib/adianti/database/TRecord.php(758): SystemUnit->onAfterStore(Object(stdClass))
#2 /var/www/webroot/ROOT/app/model/admin/SystemUnit.class.php(107): Adianti\Database\TRecord->store()
#3 /var/www/webroot/ROOT/app/control/admin/SystemUnitForm.class.php(286): SystemUnit->store()
#4 [internal function]: SystemUnitForm->onSave(Array)
#5 /var/www/webroot/ROOT/lib/adianti/control/TPage.php(107): call_user_func(Array, Array)
#6 /var/www/webroot/ROOT/lib/adianti/control/TPage.php(269): Adianti\Control\TPage->run()
#7 /var/www/webroot/ROOT/lib/adianti/core/AdiantiCoreApplication.php(96): Adianti\Control\TPage->show(Array)
#8 /var/www/webroot/ROOT/engine.php(27): Adianti\Core\AdiantiCoreApplication::run('2')
#9 /var/www/webroot/ROOT/engine.php(66): TApplication::run()
#10 {main}",a173801b1416d027932c19ba6e473f49,SystemUnitForm,apache2handler,2023,09,08
30,"2023-09-08 13:32:28",luciene,system_unit,id,1,deleted,telefone_sped,8432210456,,10.101.20.89,64fb76cc46499,"#0 /var/www/webroot/ROOT/app/model/log/SystemChangeLogTrait.php(48): SystemChangeLogService::register(Object(SystemUnit), Array, Array)
#1 /var/www/webroot/ROOT/lib/adianti/database/TRecord.php(758): SystemUnit->onAfterStore(Object(stdClass))
#2 /var/www/webroot/ROOT/app/model/admin/SystemUnit.class.php(107): Adianti\Database\TRecord->store()
#3 /var/www/webroot/ROOT/app/control/admin/SystemUnitForm.class.php(286): SystemUnit->store()
#4 [internal function]: SystemUnitForm->onSave(Array)
#5 /var/www/webroot/ROOT/lib/adianti/control/TPage.php(107): call_user_func(Array, Array)
#6 /var/www/webroot/ROOT/lib/adianti/control/TPage.php(269): Adianti\Control\TPage->run()
#7 /var/www/webroot/ROOT/lib/adianti/core/AdiantiCoreApplication.php(96): Adianti\Control\TPage->show(Array)
#8 /var/www/webroot/ROOT/engine.php(27): Adianti\Core\AdiantiCoreApplication::run('2')
#9 /var/www/webroot/ROOT/engine.php(66): TApplication::run()
#10 {main}",a173801b1416d027932c19ba6e473f49,SystemUnitForm,apache2handler,2023,09,08
31,"2023-09-08 13:32:28",luciene,system_unit,id,1,deleted,updated_at,"2017-11-25 05:00:00",,10.101.20.89,64fb76cc46499,"#0 /var/www/webroot/ROOT/app/model/log/SystemChangeLogTrait.php(48): SystemChangeLogService::register(Object(SystemUnit), Array, Array)
#1 /var/www/webroot/ROOT/lib/adianti/database/TRecord.php(758): SystemUnit->onAfterStore(Object(stdClass))
#2 /var/www/webroot/ROOT/app/model/admin/SystemUnit.class.php(107): Adianti\Database\TRecord->store()
#3 /var/www/webroot/ROOT/app/control/admin/SystemUnitForm.class.php(286): SystemUnit->store()
#4 [internal function]: SystemUnitForm->onSave(Array)
#5 /var/www/webroot/ROOT/lib/adianti/control/TPage.php(107): call_user_func(Array, Array)
#6 /var/www/webroot/ROOT/lib/adianti/control/TPage.php(269): Adianti\Control\TPage->run()
#7 /var/www/webroot/ROOT/lib/adianti/core/AdiantiCoreApplication.php(96): Adianti\Control\TPage->show(Array)
#8 /var/www/webroot/ROOT/engine.php(27): Adianti\Core\AdiantiCoreApplication::run('2')
#9 /var/www/webroot/ROOT/engine.php(66): TApplication::run()
#10 {main}",a173801b1416d027932c19ba6e473f49,SystemUnitForm,apache2handler,2023,09,08
32,"2023-09-08 13:32:28",luciene,system_unit,id,1,changed,responsavel,"MARIA CÉIÇA","MARIA DA CONCEIÇÃO CUNHA",10.101.20.89,64fb76cc46499,"#0 /var/www/webroot/ROOT/app/model/log/SystemChangeLogTrait.php(48): SystemChangeLogService::register(Object(SystemUnit), Array, Array)
#1 /var/www/webroot/ROOT/lib/adianti/database/TRecord.php(758): SystemUnit->onAfterStore(Object(stdClass))
#2 /var/www/webroot/ROOT/app/model/admin/SystemUnit.class.php(107): Adianti\Database\TRecord->store()
#3 /var/www/webroot/ROOT/app/control/admin/SystemUnitForm.class.php(286): SystemUnit->store()
#4 [internal function]: SystemUnitForm->onSave(Array)
#5 /var/www/webroot/ROOT/lib/adianti/control/TPage.php(107): call_user_func(Array, Array)
#6 /var/www/webroot/ROOT/lib/adianti/control/TPage.php(269): Adianti\Control\TPage->run()
#7 /var/www/webroot/ROOT/lib/adianti/core/AdiantiCoreApplication.php(96): Adianti\Control\TPage->show(Array)
#8 /var/www/webroot/ROOT/engine.php(27): Adianti\Core\AdiantiCoreApplication::run('2')
#9 /var/www/webroot/ROOT/engine.php(66): TApplication::run()
#10 {main}",a173801b1416d027932c19ba6e473f49,SystemUnitForm,apache2handler,2023,09,08
33,"2023-09-08 13:32:28",luciene,system_unit,id,1,changed,email,ccs@email.com.br,colegio.adm@gmail.com,10.101.20.89,64fb76cc46499,"#0 /var/www/webroot/ROOT/app/model/log/SystemChangeLogTrait.php(48): SystemChangeLogService::register(Object(SystemUnit), Array, Array)
#1 /var/www/webroot/ROOT/lib/adianti/database/TRecord.php(758): SystemUnit->onAfterStore(Object(stdClass))
#2 /var/www/webroot/ROOT/app/model/admin/SystemUnit.class.php(107): Adianti\Database\TRecord->store()
#3 /var/www/webroot/ROOT/app/control/admin/SystemUnitForm.class.php(286): SystemUnit->store()
#4 [internal function]: SystemUnitForm->onSave(Array)
#5 /var/www/webroot/ROOT/lib/adianti/control/TPage.php(107): call_user_func(Array, Array)
#6 /var/www/webroot/ROOT/lib/adianti/control/TPage.php(269): Adianti\Control\TPage->run()
#7 /var/www/webroot/ROOT/lib/adianti/core/AdiantiCoreApplication.php(96): Adianti\Control\TPage->show(Array)
#8 /var/www/webroot/ROOT/engine.php(27): Adianti\Core\AdiantiCoreApplication::run('2')
#9 /var/www/webroot/ROOT/engine.php(66): TApplication::run()
#10 {main}",a173801b1416d027932c19ba6e473f49,SystemUnitForm,apache2handler,2023,09,08
34,"2023-09-08 13:32:28",luciene,system_unit,id,1,changed,telefone,"(84 ) 3221-0456 | (84) 9 8786-6140","(84 ) 36615831 / 987513955",10.101.20.89,64fb76cc46499,"#0 /var/www/webroot/ROOT/app/model/log/SystemChangeLogTrait.php(48): SystemChangeLogService::register(Object(SystemUnit), Array, Array)
#1 /var/www/webroot/ROOT/lib/adianti/database/TRecord.php(758): SystemUnit->onAfterStore(Object(stdClass))
#2 /var/www/webroot/ROOT/app/model/admin/SystemUnit.class.php(107): Adianti\Database\TRecord->store()
#3 /var/www/webroot/ROOT/app/control/admin/SystemUnitForm.class.php(286): SystemUnit->store()
#4 [internal function]: SystemUnitForm->onSave(Array)
#5 /var/www/webroot/ROOT/lib/adianti/control/TPage.php(107): call_user_func(Array, Array)
#6 /var/www/webroot/ROOT/lib/adianti/control/TPage.php(269): Adianti\Control\TPage->run()
#7 /var/www/webroot/ROOT/lib/adianti/core/AdiantiCoreApplication.php(96): Adianti\Control\TPage->show(Array)
#8 /var/www/webroot/ROOT/engine.php(27): Adianti\Core\AdiantiCoreApplication::run('2')
#9 /var/www/webroot/ROOT/engine.php(66): TApplication::run()
#10 {main}",a173801b1416d027932c19ba6e473f49,SystemUnitForm,apache2handler,2023,09,08
35,"2023-09-08 13:32:39",luciene,system_unit,id,1,deleted,atividade,11111,,10.101.20.89,64fb76d719ec1,"#0 /var/www/webroot/ROOT/app/model/log/SystemChangeLogTrait.php(48): SystemChangeLogService::register(Object(SystemUnit), Array, Array)
#1 /var/www/webroot/ROOT/lib/adianti/database/TRecord.php(758): SystemUnit->onAfterStore(Object(stdClass))
#2 /var/www/webroot/ROOT/app/model/admin/SystemUnit.class.php(107): Adianti\Database\TRecord->store()
#3 /var/www/webroot/ROOT/app/control/admin/SystemUnitForm.class.php(286): SystemUnit->store()
#4 [internal function]: SystemUnitForm->onSave(Array)
#5 /var/www/webroot/ROOT/lib/adianti/control/TPage.php(107): call_user_func(Array, Array)
#6 /var/www/webroot/ROOT/lib/adianti/control/TPage.php(269): Adianti\Control\TPage->run()
#7 /var/www/webroot/ROOT/lib/adianti/core/AdiantiCoreApplication.php(96): Adianti\Control\TPage->show(Array)
#8 /var/www/webroot/ROOT/engine.php(27): Adianti\Core\AdiantiCoreApplication::run('2')
#9 /var/www/webroot/ROOT/engine.php(66): TApplication::run()
#10 {main}",a173801b1416d027932c19ba6e473f49,SystemUnitForm,apache2handler,2023,09,08
36,"2023-09-08 13:32:39",luciene,system_unit,id,1,deleted,regime,1,,10.101.20.89,64fb76d719ec1,"#0 /var/www/webroot/ROOT/app/model/log/SystemChangeLogTrait.php(48): SystemChangeLogService::register(Object(SystemUnit), Array, Array)
#1 /var/www/webroot/ROOT/lib/adianti/database/TRecord.php(758): SystemUnit->onAfterStore(Object(stdClass))
#2 /var/www/webroot/ROOT/app/model/admin/SystemUnit.class.php(107): Adianti\Database\TRecord->store()
#3 /var/www/webroot/ROOT/app/control/admin/SystemUnitForm.class.php(286): SystemUnit->store()
#4 [internal function]: SystemUnitForm->onSave(Array)
#5 /var/www/webroot/ROOT/lib/adianti/control/TPage.php(107): call_user_func(Array, Array)
#6 /var/www/webroot/ROOT/lib/adianti/control/TPage.php(269): Adianti\Control\TPage->run()
#7 /var/www/webroot/ROOT/lib/adianti/core/AdiantiCoreApplication.php(96): Adianti\Control\TPage->show(Array)
#8 /var/www/webroot/ROOT/engine.php(27): Adianti\Core\AdiantiCoreApplication::run('2')
#9 /var/www/webroot/ROOT/engine.php(66): TApplication::run()
#10 {main}",a173801b1416d027932c19ba6e473f49,SystemUnitForm,apache2handler,2023,09,08
37,"2023-09-08 13:32:39",luciene,system_unit,id,1,deleted,telefone_sped,8432210456,,10.101.20.89,64fb76d719ec1,"#0 /var/www/webroot/ROOT/app/model/log/SystemChangeLogTrait.php(48): SystemChangeLogService::register(Object(SystemUnit), Array, Array)
#1 /var/www/webroot/ROOT/lib/adianti/database/TRecord.php(758): SystemUnit->onAfterStore(Object(stdClass))
#2 /var/www/webroot/ROOT/app/model/admin/SystemUnit.class.php(107): Adianti\Database\TRecord->store()
#3 /var/www/webroot/ROOT/app/control/admin/SystemUnitForm.class.php(286): SystemUnit->store()
#4 [internal function]: SystemUnitForm->onSave(Array)
#5 /var/www/webroot/ROOT/lib/adianti/control/TPage.php(107): call_user_func(Array, Array)
#6 /var/www/webroot/ROOT/lib/adianti/control/TPage.php(269): Adianti\Control\TPage->run()
#7 /var/www/webroot/ROOT/lib/adianti/core/AdiantiCoreApplication.php(96): Adianti\Control\TPage->show(Array)
#8 /var/www/webroot/ROOT/engine.php(27): Adianti\Core\AdiantiCoreApplication::run('2')
#9 /var/www/webroot/ROOT/engine.php(66): TApplication::run()
#10 {main}",a173801b1416d027932c19ba6e473f49,SystemUnitForm,apache2handler,2023,09,08
38,"2023-09-08 13:32:39",luciene,system_unit,id,1,deleted,updated_at,"2017-11-25 05:00:00",,10.101.20.89,64fb76d719ec1,"#0 /var/www/webroot/ROOT/app/model/log/SystemChangeLogTrait.php(48): SystemChangeLogService::register(Object(SystemUnit), Array, Array)
#1 /var/www/webroot/ROOT/lib/adianti/database/TRecord.php(758): SystemUnit->onAfterStore(Object(stdClass))
#2 /var/www/webroot/ROOT/app/model/admin/SystemUnit.class.php(107): Adianti\Database\TRecord->store()
#3 /var/www/webroot/ROOT/app/control/admin/SystemUnitForm.class.php(286): SystemUnit->store()
#4 [internal function]: SystemUnitForm->onSave(Array)
#5 /var/www/webroot/ROOT/lib/adianti/control/TPage.php(107): call_user_func(Array, Array)
#6 /var/www/webroot/ROOT/lib/adianti/control/TPage.php(269): Adianti\Control\TPage->run()
#7 /var/www/webroot/ROOT/lib/adianti/core/AdiantiCoreApplication.php(96): Adianti\Control\TPage->show(Array)
#8 /var/www/webroot/ROOT/engine.php(27): Adianti\Core\AdiantiCoreApplication::run('2')
#9 /var/www/webroot/ROOT/engine.php(66): TApplication::run()
#10 {main}",a173801b1416d027932c19ba6e473f49,SystemUnitForm,apache2handler,2023,09,08
39,"2023-11-06 12:55:11",luciene,cliente,id,1885,deleted,ativo,S,,10.101.20.89,6549368f6e996,"#0 /var/www/webroot/ROOT/app/model/log/SystemChangeLogTrait.php(48): SystemChangeLogService::register(Object(Cliente), Array, Array)
#1 /var/www/webroot/ROOT/lib/adianti/database/TRecord.php(758): Cliente->onAfterStore(Object(stdClass))
#2 /var/www/webroot/ROOT/app/control/cadastros/ClienteForm.php(271): Adianti\Database\TRecord->store()
#3 [internal function]: ClienteForm->onSave(Array)
#4 /var/www/webroot/ROOT/lib/adianti/core/AdiantiCoreApplication.php(86): call_user_func(Array, Array)
#5 /var/www/webroot/ROOT/engine.php(27): Adianti\Core\AdiantiCoreApplication::run('2')
#6 /var/www/webroot/ROOT/engine.php(66): TApplication::run()
#7 {main}",96e2de465a2931547b1b53364a152095,ClienteForm,apache2handler,2023,11,06
40,"2023-11-06 12:55:11",luciene,cliente,id,1885,deleted,cliente_grupo_id,1,,10.101.20.89,6549368f6e996,"#0 /var/www/webroot/ROOT/app/model/log/SystemChangeLogTrait.php(48): SystemChangeLogService::register(Object(Cliente), Array, Array)
#1 /var/www/webroot/ROOT/lib/adianti/database/TRecord.php(758): Cliente->onAfterStore(Object(stdClass))
#2 /var/www/webroot/ROOT/app/control/cadastros/ClienteForm.php(271): Adianti\Database\TRecord->store()
#3 [internal function]: ClienteForm->onSave(Array)
#4 /var/www/webroot/ROOT/lib/adianti/core/AdiantiCoreApplication.php(86): call_user_func(Array, Array)
#5 /var/www/webroot/ROOT/engine.php(27): Adianti\Core\AdiantiCoreApplication::run('2')
#6 /var/www/webroot/ROOT/engine.php(66): TApplication::run()
#7 {main}",96e2de465a2931547b1b53364a152095,ClienteForm,apache2handler,2023,11,06
41,"2023-11-06 12:55:11",luciene,cliente,id,1885,deleted,nome_fantasia,"WELLINGTÂNIA MARCELA TAVARES DA SILVA",,10.101.20.89,6549368f6e996,"#0 /var/www/webroot/ROOT/app/model/log/SystemChangeLogTrait.php(48): SystemChangeLogService::register(Object(Cliente), Array, Array)
#1 /var/www/webroot/ROOT/lib/adianti/database/TRecord.php(758): Cliente->onAfterStore(Object(stdClass))
#2 /var/www/webroot/ROOT/app/control/cadastros/ClienteForm.php(271): Adianti\Database\TRecord->store()
#3 [internal function]: ClienteForm->onSave(Array)
#4 /var/www/webroot/ROOT/lib/adianti/core/AdiantiCoreApplication.php(86): call_user_func(Array, Array)
#5 /var/www/webroot/ROOT/engine.php(27): Adianti\Core\AdiantiCoreApplication::run('2')
#6 /var/www/webroot/ROOT/engine.php(66): TApplication::run()
#7 {main}",96e2de465a2931547b1b53364a152095,ClienteForm,apache2handler,2023,11,06
42,"2023-11-06 12:55:11",luciene,cliente,id,1885,deleted,rg_ie,2.459.763,,10.101.20.89,6549368f6e996,"#0 /var/www/webroot/ROOT/app/model/log/SystemChangeLogTrait.php(48): SystemChangeLogService::register(Object(Cliente), Array, Array)
#1 /var/www/webroot/ROOT/lib/adianti/database/TRecord.php(758): Cliente->onAfterStore(Object(stdClass))
#2 /var/www/webroot/ROOT/app/control/cadastros/ClienteForm.php(271): Adianti\Database\TRecord->store()
#3 [internal function]: ClienteForm->onSave(Array)
#4 /var/www/webroot/ROOT/lib/adianti/core/AdiantiCoreApplication.php(86): call_user_func(Array, Array)
#5 /var/www/webroot/ROOT/engine.php(27): Adianti\Core\AdiantiCoreApplication::run('2')
#6 /var/www/webroot/ROOT/engine.php(66): TApplication::run()
#7 {main}",96e2de465a2931547b1b53364a152095,ClienteForm,apache2handler,2023,11,06
43,"2023-11-06 12:55:11",luciene,cliente,id,1885,deleted,representante_profissao,RECPCIONISTA,,10.101.20.89,6549368f6e996,"#0 /var/www/webroot/ROOT/app/model/log/SystemChangeLogTrait.php(48): SystemChangeLogService::register(Object(Cliente), Array, Array)
#1 /var/www/webroot/ROOT/lib/adianti/database/TRecord.php(758): Cliente->onAfterStore(Object(stdClass))
#2 /var/www/webroot/ROOT/app/control/cadastros/ClienteForm.php(271): Adianti\Database\TRecord->store()
#3 [internal function]: ClienteForm->onSave(Array)
#4 /var/www/webroot/ROOT/lib/adianti/core/AdiantiCoreApplication.php(86): call_user_func(Array, Array)
#5 /var/www/webroot/ROOT/engine.php(27): Adianti\Core\AdiantiCoreApplication::run('2')
#6 /var/www/webroot/ROOT/engine.php(66): TApplication::run()
#7 {main}",96e2de465a2931547b1b53364a152095,ClienteForm,apache2handler,2023,11,06
44,"2023-11-06 12:55:11",luciene,cliente,id,1885,deleted,representante_rg,2.459.763,,10.101.20.89,6549368f6e996,"#0 /var/www/webroot/ROOT/app/model/log/SystemChangeLogTrait.php(48): SystemChangeLogService::register(Object(Cliente), Array, Array)
#1 /var/www/webroot/ROOT/lib/adianti/database/TRecord.php(758): Cliente->onAfterStore(Object(stdClass))
#2 /var/www/webroot/ROOT/app/control/cadastros/ClienteForm.php(271): Adianti\Database\TRecord->store()
#3 [internal function]: ClienteForm->onSave(Array)
#4 /var/www/webroot/ROOT/lib/adianti/core/AdiantiCoreApplication.php(86): call_user_func(Array, Array)
#5 /var/www/webroot/ROOT/engine.php(27): Adianti\Core\AdiantiCoreApplication::run('2')
#6 /var/www/webroot/ROOT/engine.php(66): TApplication::run()
#7 {main}",96e2de465a2931547b1b53364a152095,ClienteForm,apache2handler,2023,11,06
45,"2023-11-06 12:55:11",luciene,cliente,id,1885,deleted,representante_cpf,062.776.554-85,,10.101.20.89,6549368f6e996,"#0 /var/www/webroot/ROOT/app/model/log/SystemChangeLogTrait.php(48): SystemChangeLogService::register(Object(Cliente), Array, Array)
#1 /var/www/webroot/ROOT/lib/adianti/database/TRecord.php(758): Cliente->onAfterStore(Object(stdClass))
#2 /var/www/webroot/ROOT/app/control/cadastros/ClienteForm.php(271): Adianti\Database\TRecord->store()
#3 [internal function]: ClienteForm->onSave(Array)
#4 /var/www/webroot/ROOT/lib/adianti/core/AdiantiCoreApplication.php(86): call_user_func(Array, Array)
#5 /var/www/webroot/ROOT/engine.php(27): Adianti\Core\AdiantiCoreApplication::run('2')
#6 /var/www/webroot/ROOT/engine.php(66): TApplication::run()
#7 {main}",96e2de465a2931547b1b53364a152095,ClienteForm,apache2handler,2023,11,06
46,"2023-11-06 12:55:11",luciene,cliente,id,1885,deleted,juridico,N,,10.101.20.89,6549368f6e996,"#0 /var/www/webroot/ROOT/app/model/log/SystemChangeLogTrait.php(48): SystemChangeLogService::register(Object(Cliente), Array, Array)
#1 /var/www/webroot/ROOT/lib/adianti/database/TRecord.php(758): Cliente->onAfterStore(Object(stdClass))
#2 /var/www/webroot/ROOT/app/control/cadastros/ClienteForm.php(271): Adianti\Database\TRecord->store()
#3 [internal function]: ClienteForm->onSave(Array)
#4 /var/www/webroot/ROOT/lib/adianti/core/AdiantiCoreApplication.php(86): call_user_func(Array, Array)
#5 /var/www/webroot/ROOT/engine.php(27): Adianti\Core\AdiantiCoreApplication::run('2')
#6 /var/www/webroot/ROOT/engine.php(66): TApplication::run()
#7 {main}",96e2de465a2931547b1b53364a152095,ClienteForm,apache2handler,2023,11,06
47,"2023-11-06 12:55:11",luciene,cliente,id,1885,created,tipo,,F,10.101.20.89,6549368f6e996,"#0 /var/www/webroot/ROOT/app/model/log/SystemChangeLogTrait.php(48): SystemChangeLogService::register(Object(Cliente), Array, Array)
#1 /var/www/webroot/ROOT/lib/adianti/database/TRecord.php(758): Cliente->onAfterStore(Object(stdClass))
#2 /var/www/webroot/ROOT/app/control/cadastros/ClienteForm.php(271): Adianti\Database\TRecord->store()
#3 [internal function]: ClienteForm->onSave(Array)
#4 /var/www/webroot/ROOT/lib/adianti/core/AdiantiCoreApplication.php(86): call_user_func(Array, Array)
#5 /var/www/webroot/ROOT/engine.php(27): Adianti\Core\AdiantiCoreApplication::run('2')
#6 /var/www/webroot/ROOT/engine.php(66): TApplication::run()
#7 {main}",96e2de465a2931547b1b53364a152095,ClienteForm,apache2handler,2023,11,06
48,"2023-11-15 15:28:47",admin,system_user,id,4,created,id,,4,10.101.20.89,65550ddf3168e,"#0 /var/www/webroot/ROOT/app/model/log/SystemChangeLogTrait.php(48): SystemChangeLogService::register(Object(SystemUser), Array, Array)
#1 /var/www/webroot/ROOT/lib/adianti/database/TRecord.php(758): SystemUser->onAfterStore(Object(stdClass))
#2 /var/www/webroot/ROOT/app/control/admin/SystemUserForm.class.php(213): Adianti\Database\TRecord->store()
#3 [internal function]: SystemUserForm->onSave(Array)
#4 /var/www/webroot/ROOT/lib/adianti/control/TPage.php(107): call_user_func(Array, Array)
#5 /var/www/webroot/ROOT/lib/adianti/control/TPage.php(269): Adianti\Control\TPage->run()
#6 /var/www/webroot/ROOT/lib/adianti/core/AdiantiCoreApplication.php(96): Adianti\Control\TPage->show(Array)
#7 /var/www/webroot/ROOT/engine.php(27): Adianti\Core\AdiantiCoreApplication::run('2')
#8 /var/www/webroot/ROOT/engine.php(66): TApplication::run()
#9 {main}",f1a62d3b9b7756fa8f2bb5ad5d45b125,SystemUserForm,apache2handler,2023,11,15
49,"2023-11-15 15:28:47",admin,system_user,id,4,created,name,,Luana,10.101.20.89,65550ddf3168e,"#0 /var/www/webroot/ROOT/app/model/log/SystemChangeLogTrait.php(48): SystemChangeLogService::register(Object(SystemUser), Array, Array)
#1 /var/www/webroot/ROOT/lib/adianti/database/TRecord.php(758): SystemUser->onAfterStore(Object(stdClass))
#2 /var/www/webroot/ROOT/app/control/admin/SystemUserForm.class.php(213): Adianti\Database\TRecord->store()
#3 [internal function]: SystemUserForm->onSave(Array)
#4 /var/www/webroot/ROOT/lib/adianti/control/TPage.php(107): call_user_func(Array, Array)
#5 /var/www/webroot/ROOT/lib/adianti/control/TPage.php(269): Adianti\Control\TPage->run()
#6 /var/www/webroot/ROOT/lib/adianti/core/AdiantiCoreApplication.php(96): Adianti\Control\TPage->show(Array)
#7 /var/www/webroot/ROOT/engine.php(27): Adianti\Core\AdiantiCoreApplication::run('2')
#8 /var/www/webroot/ROOT/engine.php(66): TApplication::run()
#9 {main}",f1a62d3b9b7756fa8f2bb5ad5d45b125,SystemUserForm,apache2handler,2023,11,15
50,"2023-11-15 15:28:47",admin,system_user,id,4,created,email,,colegio_ccs@yahoo.com.br,10.101.20.89,65550ddf3168e,"#0 /var/www/webroot/ROOT/app/model/log/SystemChangeLogTrait.php(48): SystemChangeLogService::register(Object(SystemUser), Array, Array)
#1 /var/www/webroot/ROOT/lib/adianti/database/TRecord.php(758): SystemUser->onAfterStore(Object(stdClass))
#2 /var/www/webroot/ROOT/app/control/admin/SystemUserForm.class.php(213): Adianti\Database\TRecord->store()
#3 [internal function]: SystemUserForm->onSave(Array)
#4 /var/www/webroot/ROOT/lib/adianti/control/TPage.php(107): call_user_func(Array, Array)
#5 /var/www/webroot/ROOT/lib/adianti/control/TPage.php(269): Adianti\Control\TPage->run()
#6 /var/www/webroot/ROOT/lib/adianti/core/AdiantiCoreApplication.php(96): Adianti\Control\TPage->show(Array)
#7 /var/www/webroot/ROOT/engine.php(27): Adianti\Core\AdiantiCoreApplication::run('2')
#8 /var/www/webroot/ROOT/engine.php(66): TApplication::run()
#9 {main}",f1a62d3b9b7756fa8f2bb5ad5d45b125,SystemUserForm,apache2handler,2023,11,15
51,"2023-11-15 15:28:47",admin,system_user,id,4,created,system_unit_id,,1,10.101.20.89,65550ddf3168e,"#0 /var/www/webroot/ROOT/app/model/log/SystemChangeLogTrait.php(48): SystemChangeLogService::register(Object(SystemUser), Array, Array)
#1 /var/www/webroot/ROOT/lib/adianti/database/TRecord.php(758): SystemUser->onAfterStore(Object(stdClass))
#2 /var/www/webroot/ROOT/app/control/admin/SystemUserForm.class.php(213): Adianti\Database\TRecord->store()
#3 [internal function]: SystemUserForm->onSave(Array)
#4 /var/www/webroot/ROOT/lib/adianti/control/TPage.php(107): call_user_func(Array, Array)
#5 /var/www/webroot/ROOT/lib/adianti/control/TPage.php(269): Adianti\Control\TPage->run()
#6 /var/www/webroot/ROOT/lib/adianti/core/AdiantiCoreApplication.php(96): Adianti\Control\TPage->show(Array)
#7 /var/www/webroot/ROOT/engine.php(27): Adianti\Core\AdiantiCoreApplication::run('2')
#8 /var/www/webroot/ROOT/engine.php(66): TApplication::run()
#9 {main}",f1a62d3b9b7756fa8f2bb5ad5d45b125,SystemUserForm,apache2handler,2023,11,15
52,"2023-11-15 15:28:47",admin,system_user,id,4,created,frontpage_id,,10,10.101.20.89,65550ddf3168e,"#0 /var/www/webroot/ROOT/app/model/log/SystemChangeLogTrait.php(48): SystemChangeLogService::register(Object(SystemUser), Array, Array)
#1 /var/www/webroot/ROOT/lib/adianti/database/TRecord.php(758): SystemUser->onAfterStore(Object(stdClass))
#2 /var/www/webroot/ROOT/app/control/admin/SystemUserForm.class.php(213): Adianti\Database\TRecord->store()
#3 [internal function]: SystemUserForm->onSave(Array)
#4 /var/www/webroot/ROOT/lib/adianti/control/TPage.php(107): call_user_func(Array, Array)
#5 /var/www/webroot/ROOT/lib/adianti/control/TPage.php(269): Adianti\Control\TPage->run()
#6 /var/www/webroot/ROOT/lib/adianti/core/AdiantiCoreApplication.php(96): Adianti\Control\TPage->show(Array)
#7 /var/www/webroot/ROOT/engine.php(27): Adianti\Core\AdiantiCoreApplication::run('2')
#8 /var/www/webroot/ROOT/engine.php(66): TApplication::run()
#9 {main}",f1a62d3b9b7756fa8f2bb5ad5d45b125,SystemUserForm,apache2handler,2023,11,15
53,"2023-11-15 15:28:47",admin,system_user,id,4,created,login,,luana,10.101.20.89,65550ddf3168e,"#0 /var/www/webroot/ROOT/app/model/log/SystemChangeLogTrait.php(48): SystemChangeLogService::register(Object(SystemUser), Array, Array)
#1 /var/www/webroot/ROOT/lib/adianti/database/TRecord.php(758): SystemUser->onAfterStore(Object(stdClass))
#2 /var/www/webroot/ROOT/app/control/admin/SystemUserForm.class.php(213): Adianti\Database\TRecord->store()
#3 [internal function]: SystemUserForm->onSave(Array)
#4 /var/www/webroot/ROOT/lib/adianti/control/TPage.php(107): call_user_func(Array, Array)
#5 /var/www/webroot/ROOT/lib/adianti/control/TPage.php(269): Adianti\Control\TPage->run()
#6 /var/www/webroot/ROOT/lib/adianti/core/AdiantiCoreApplication.php(96): Adianti\Control\TPage->show(Array)
#7 /var/www/webroot/ROOT/engine.php(27): Adianti\Core\AdiantiCoreApplication::run('2')
#8 /var/www/webroot/ROOT/engine.php(66): TApplication::run()
#9 {main}",f1a62d3b9b7756fa8f2bb5ad5d45b125,SystemUserForm,apache2handler,2023,11,15
54,"2023-11-15 15:28:47",admin,system_user,id,4,created,password,,89794b621a313bb59eed0d9f0f4e8205,10.101.20.89,65550ddf3168e,"#0 /var/www/webroot/ROOT/app/model/log/SystemChangeLogTrait.php(48): SystemChangeLogService::register(Object(SystemUser), Array, Array)
#1 /var/www/webroot/ROOT/lib/adianti/database/TRecord.php(758): SystemUser->onAfterStore(Object(stdClass))
#2 /var/www/webroot/ROOT/app/control/admin/SystemUserForm.class.php(213): Adianti\Database\TRecord->store()
#3 [internal function]: SystemUserForm->onSave(Array)
#4 /var/www/webroot/ROOT/lib/adianti/control/TPage.php(107): call_user_func(Array, Array)
#5 /var/www/webroot/ROOT/lib/adianti/control/TPage.php(269): Adianti\Control\TPage->run()
#6 /var/www/webroot/ROOT/lib/adianti/core/AdiantiCoreApplication.php(96): Adianti\Control\TPage->show(Array)
#7 /var/www/webroot/ROOT/engine.php(27): Adianti\Core\AdiantiCoreApplication::run('2')
#8 /var/www/webroot/ROOT/engine.php(66): TApplication::run()
#9 {main}",f1a62d3b9b7756fa8f2bb5ad5d45b125,SystemUserForm,apache2handler,2023,11,15
55,"2023-11-15 15:28:47",admin,system_user,id,4,created,active,,Y,10.101.20.89,65550ddf3168e,"#0 /var/www/webroot/ROOT/app/model/log/SystemChangeLogTrait.php(48): SystemChangeLogService::register(Object(SystemUser), Array, Array)
#1 /var/www/webroot/ROOT/lib/adianti/database/TRecord.php(758): SystemUser->onAfterStore(Object(stdClass))
#2 /var/www/webroot/ROOT/app/control/admin/SystemUserForm.class.php(213): Adianti\Database\TRecord->store()
#3 [internal function]: SystemUserForm->onSave(Array)
#4 /var/www/webroot/ROOT/lib/adianti/control/TPage.php(107): call_user_func(Array, Array)
#5 /var/www/webroot/ROOT/lib/adianti/control/TPage.php(269): Adianti\Control\TPage->run()
#6 /var/www/webroot/ROOT/lib/adianti/core/AdiantiCoreApplication.php(96): Adianti\Control\TPage->show(Array)
#7 /var/www/webroot/ROOT/engine.php(27): Adianti\Core\AdiantiCoreApplication::run('2')
#8 /var/www/webroot/ROOT/engine.php(66): TApplication::run()
#9 {main}",f1a62d3b9b7756fa8f2bb5ad5d45b125,SystemUserForm,apache2handler,2023,11,15
56,"2023-11-15 15:29:30",admin,system_user,id,5,created,name,,"Luana (clone)",10.101.20.89,65550e0ac5385,"#0 /var/www/webroot/ROOT/app/model/log/SystemChangeLogTrait.php(48): SystemChangeLogService::register(Object(SystemUser), Array, Array)
#1 /var/www/webroot/ROOT/lib/adianti/database/TRecord.php(758): SystemUser->onAfterStore(Object(stdClass))
#2 /var/www/webroot/ROOT/app/model/admin/SystemUser.class.php(58): Adianti\Database\TRecord->store()
#3 /var/www/webroot/ROOT/app/control/admin/SystemUserList.class.php(251): SystemUser->cloneUser()
#4 [internal function]: SystemUserList->onClone(Array)
#5 /var/www/webroot/ROOT/lib/adianti/control/TPage.php(107): call_user_func(Array, Array)
#6 /var/www/webroot/ROOT/lib/adianti/control/TPage.php(269): Adianti\Control\TPage->run()
#7 /var/www/webroot/ROOT/lib/adianti/base/AdiantiStandardCollectionTrait.php(448): Adianti\Control\TPage->show()
#8 /var/www/webroot/ROOT/lib/adianti/core/AdiantiCoreApplication.php(96): Adianti\Base\TStandardList->show(Array)
#9 /var/www/webroot/ROOT/engine.php(27): Adianti\Core\AdiantiCoreApplication::run('2')
#10 /var/www/webroot/ROOT/engine.php(66): TApplication::run()
#11 {main}",f1a62d3b9b7756fa8f2bb5ad5d45b125,SystemUserList,apache2handler,2023,11,15
57,"2023-11-15 15:29:30",admin,system_user,id,5,created,login,,luana,10.101.20.89,65550e0ac5385,"#0 /var/www/webroot/ROOT/app/model/log/SystemChangeLogTrait.php(48): SystemChangeLogService::register(Object(SystemUser), Array, Array)
#1 /var/www/webroot/ROOT/lib/adianti/database/TRecord.php(758): SystemUser->onAfterStore(Object(stdClass))
#2 /var/www/webroot/ROOT/app/model/admin/SystemUser.class.php(58): Adianti\Database\TRecord->store()
#3 /var/www/webroot/ROOT/app/control/admin/SystemUserList.class.php(251): SystemUser->cloneUser()
#4 [internal function]: SystemUserList->onClone(Array)
#5 /var/www/webroot/ROOT/lib/adianti/control/TPage.php(107): call_user_func(Array, Array)
#6 /var/www/webroot/ROOT/lib/adianti/control/TPage.php(269): Adianti\Control\TPage->run()
#7 /var/www/webroot/ROOT/lib/adianti/base/AdiantiStandardCollectionTrait.php(448): Adianti\Control\TPage->show()
#8 /var/www/webroot/ROOT/lib/adianti/core/AdiantiCoreApplication.php(96): Adianti\Base\TStandardList->show(Array)
#9 /var/www/webroot/ROOT/engine.php(27): Adianti\Core\AdiantiCoreApplication::run('2')
#10 /var/www/webroot/ROOT/engine.php(66): TApplication::run()
#11 {main}",f1a62d3b9b7756fa8f2bb5ad5d45b125,SystemUserList,apache2handler,2023,11,15
58,"2023-11-15 15:29:30",admin,system_user,id,5,created,password,,89794b621a313bb59eed0d9f0f4e8205,10.101.20.89,65550e0ac5385,"#0 /var/www/webroot/ROOT/app/model/log/SystemChangeLogTrait.php(48): SystemChangeLogService::register(Object(SystemUser), Array, Array)
#1 /var/www/webroot/ROOT/lib/adianti/database/TRecord.php(758): SystemUser->onAfterStore(Object(stdClass))
#2 /var/www/webroot/ROOT/app/model/admin/SystemUser.class.php(58): Adianti\Database\TRecord->store()
#3 /var/www/webroot/ROOT/app/control/admin/SystemUserList.class.php(251): SystemUser->cloneUser()
#4 [internal function]: SystemUserList->onClone(Array)
#5 /var/www/webroot/ROOT/lib/adianti/control/TPage.php(107): call_user_func(Array, Array)
#6 /var/www/webroot/ROOT/lib/adianti/control/TPage.php(269): Adianti\Control\TPage->run()
#7 /var/www/webroot/ROOT/lib/adianti/base/AdiantiStandardCollectionTrait.php(448): Adianti\Control\TPage->show()
#8 /var/www/webroot/ROOT/lib/adianti/core/AdiantiCoreApplication.php(96): Adianti\Base\TStandardList->show(Array)
#9 /var/www/webroot/ROOT/engine.php(27): Adianti\Core\AdiantiCoreApplication::run('2')
#10 /var/www/webroot/ROOT/engine.php(66): TApplication::run()
#11 {main}",f1a62d3b9b7756fa8f2bb5ad5d45b125,SystemUserList,apache2handler,2023,11,15
59,"2023-11-15 15:29:30",admin,system_user,id,5,created,email,,colegio_ccs@yahoo.com.br,10.101.20.89,65550e0ac5385,"#0 /var/www/webroot/ROOT/app/model/log/SystemChangeLogTrait.php(48): SystemChangeLogService::register(Object(SystemUser), Array, Array)
#1 /var/www/webroot/ROOT/lib/adianti/database/TRecord.php(758): SystemUser->onAfterStore(Object(stdClass))
#2 /var/www/webroot/ROOT/app/model/admin/SystemUser.class.php(58): Adianti\Database\TRecord->store()
#3 /var/www/webroot/ROOT/app/control/admin/SystemUserList.class.php(251): SystemUser->cloneUser()
#4 [internal function]: SystemUserList->onClone(Array)
#5 /var/www/webroot/ROOT/lib/adianti/control/TPage.php(107): call_user_func(Array, Array)
#6 /var/www/webroot/ROOT/lib/adianti/control/TPage.php(269): Adianti\Control\TPage->run()
#7 /var/www/webroot/ROOT/lib/adianti/base/AdiantiStandardCollectionTrait.php(448): Adianti\Control\TPage->show()
#8 /var/www/webroot/ROOT/lib/adianti/core/AdiantiCoreApplication.php(96): Adianti\Base\TStandardList->show(Array)
#9 /var/www/webroot/ROOT/engine.php(27): Adianti\Core\AdiantiCoreApplication::run('2')
#10 /var/www/webroot/ROOT/engine.php(66): TApplication::run()
#11 {main}",f1a62d3b9b7756fa8f2bb5ad5d45b125,SystemUserList,apache2handler,2023,11,15
60,"2023-11-15 15:29:30",admin,system_user,id,5,created,frontpage_id,,10,10.101.20.89,65550e0ac5385,"#0 /var/www/webroot/ROOT/app/model/log/SystemChangeLogTrait.php(48): SystemChangeLogService::register(Object(SystemUser), Array, Array)
#1 /var/www/webroot/ROOT/lib/adianti/database/TRecord.php(758): SystemUser->onAfterStore(Object(stdClass))
#2 /var/www/webroot/ROOT/app/model/admin/SystemUser.class.php(58): Adianti\Database\TRecord->store()
#3 /var/www/webroot/ROOT/app/control/admin/SystemUserList.class.php(251): SystemUser->cloneUser()
#4 [internal function]: SystemUserList->onClone(Array)
#5 /var/www/webroot/ROOT/lib/adianti/control/TPage.php(107): call_user_func(Array, Array)
#6 /var/www/webroot/ROOT/lib/adianti/control/TPage.php(269): Adianti\Control\TPage->run()
#7 /var/www/webroot/ROOT/lib/adianti/base/AdiantiStandardCollectionTrait.php(448): Adianti\Control\TPage->show()
#8 /var/www/webroot/ROOT/lib/adianti/core/AdiantiCoreApplication.php(96): Adianti\Base\TStandardList->show(Array)
#9 /var/www/webroot/ROOT/engine.php(27): Adianti\Core\AdiantiCoreApplication::run('2')
#10 /var/www/webroot/ROOT/engine.php(66): TApplication::run()
#11 {main}",f1a62d3b9b7756fa8f2bb5ad5d45b125,SystemUserList,apache2handler,2023,11,15
61,"2023-11-15 15:29:30",admin,system_user,id,5,created,system_unit_id,,1,10.101.20.89,65550e0ac5385,"#0 /var/www/webroot/ROOT/app/model/log/SystemChangeLogTrait.php(48): SystemChangeLogService::register(Object(SystemUser), Array, Array)
#1 /var/www/webroot/ROOT/lib/adianti/database/TRecord.php(758): SystemUser->onAfterStore(Object(stdClass))
#2 /var/www/webroot/ROOT/app/model/admin/SystemUser.class.php(58): Adianti\Database\TRecord->store()
#3 /var/www/webroot/ROOT/app/control/admin/SystemUserList.class.php(251): SystemUser->cloneUser()
#4 [internal function]: SystemUserList->onClone(Array)
#5 /var/www/webroot/ROOT/lib/adianti/control/TPage.php(107): call_user_func(Array, Array)
#6 /var/www/webroot/ROOT/lib/adianti/control/TPage.php(269): Adianti\Control\TPage->run()
#7 /var/www/webroot/ROOT/lib/adianti/base/AdiantiStandardCollectionTrait.php(448): Adianti\Control\TPage->show()
#8 /var/www/webroot/ROOT/lib/adianti/core/AdiantiCoreApplication.php(96): Adianti\Base\TStandardList->show(Array)
#9 /var/www/webroot/ROOT/engine.php(27): Adianti\Core\AdiantiCoreApplication::run('2')
#10 /var/www/webroot/ROOT/engine.php(66): TApplication::run()
#11 {main}",f1a62d3b9b7756fa8f2bb5ad5d45b125,SystemUserList,apache2handler,2023,11,15
62,"2023-11-15 15:29:30",admin,system_user,id,5,created,active,,Y,10.101.20.89,65550e0ac5385,"#0 /var/www/webroot/ROOT/app/model/log/SystemChangeLogTrait.php(48): SystemChangeLogService::register(Object(SystemUser), Array, Array)
#1 /var/www/webroot/ROOT/lib/adianti/database/TRecord.php(758): SystemUser->onAfterStore(Object(stdClass))
#2 /var/www/webroot/ROOT/app/model/admin/SystemUser.class.php(58): Adianti\Database\TRecord->store()
#3 /var/www/webroot/ROOT/app/control/admin/SystemUserList.class.php(251): SystemUser->cloneUser()
#4 [internal function]: SystemUserList->onClone(Array)
#5 /var/www/webroot/ROOT/lib/adianti/control/TPage.php(107): call_user_func(Array, Array)
#6 /var/www/webroot/ROOT/lib/adianti/control/TPage.php(269): Adianti\Control\TPage->run()
#7 /var/www/webroot/ROOT/lib/adianti/base/AdiantiStandardCollectionTrait.php(448): Adianti\Control\TPage->show()
#8 /var/www/webroot/ROOT/lib/adianti/core/AdiantiCoreApplication.php(96): Adianti\Base\TStandardList->show(Array)
#9 /var/www/webroot/ROOT/engine.php(27): Adianti\Core\AdiantiCoreApplication::run('2')
#10 /var/www/webroot/ROOT/engine.php(66): TApplication::run()
#11 {main}",f1a62d3b9b7756fa8f2bb5ad5d45b125,SystemUserList,apache2handler,2023,11,15
63,"2023-11-15 15:29:30",admin,system_user,id,5,created,id,,5,10.101.20.89,65550e0ac5385,"#0 /var/www/webroot/ROOT/app/model/log/SystemChangeLogTrait.php(48): SystemChangeLogService::register(Object(SystemUser), Array, Array)
#1 /var/www/webroot/ROOT/lib/adianti/database/TRecord.php(758): SystemUser->onAfterStore(Object(stdClass))
#2 /var/www/webroot/ROOT/app/model/admin/SystemUser.class.php(58): Adianti\Database\TRecord->store()
#3 /var/www/webroot/ROOT/app/control/admin/SystemUserList.class.php(251): SystemUser->cloneUser()
#4 [internal function]: SystemUserList->onClone(Array)
#5 /var/www/webroot/ROOT/lib/adianti/control/TPage.php(107): call_user_func(Array, Array)
#6 /var/www/webroot/ROOT/lib/adianti/control/TPage.php(269): Adianti\Control\TPage->run()
#7 /var/www/webroot/ROOT/lib/adianti/base/AdiantiStandardCollectionTrait.php(448): Adianti\Control\TPage->show()
#8 /var/www/webroot/ROOT/lib/adianti/core/AdiantiCoreApplication.php(96): Adianti\Base\TStandardList->show(Array)
#9 /var/www/webroot/ROOT/engine.php(27): Adianti\Core\AdiantiCoreApplication::run('2')
#10 /var/www/webroot/ROOT/engine.php(66): TApplication::run()
#11 {main}",f1a62d3b9b7756fa8f2bb5ad5d45b125,SystemUserList,apache2handler,2023,11,15
64,"2023-11-15 15:30:13",admin,system_user,id,5,deleted,active,Y,,10.101.20.89,65550e35ba123,"#0 /var/www/webroot/ROOT/app/model/log/SystemChangeLogTrait.php(48): SystemChangeLogService::register(Object(SystemUser), Array, Array)
#1 /var/www/webroot/ROOT/lib/adianti/database/TRecord.php(758): SystemUser->onAfterStore(Object(stdClass))
#2 /var/www/webroot/ROOT/app/control/admin/SystemUserForm.class.php(213): Adianti\Database\TRecord->store()
#3 [internal function]: SystemUserForm->onSave(Array)
#4 /var/www/webroot/ROOT/lib/adianti/control/TPage.php(107): call_user_func(Array, Array)
#5 /var/www/webroot/ROOT/lib/adianti/control/TPage.php(269): Adianti\Control\TPage->run()
#6 /var/www/webroot/ROOT/lib/adianti/core/AdiantiCoreApplication.php(96): Adianti\Control\TPage->show(Array)
#7 /var/www/webroot/ROOT/engine.php(27): Adianti\Core\AdiantiCoreApplication::run('2')
#8 /var/www/webroot/ROOT/engine.php(66): TApplication::run()
#9 {main}",f1a62d3b9b7756fa8f2bb5ad5d45b125,SystemUserForm,apache2handler,2023,11,15
65,"2023-11-15 15:30:13",admin,system_user,id,5,changed,name,"Luana (clone)",Albertina,10.101.20.89,65550e35ba123,"#0 /var/www/webroot/ROOT/app/model/log/SystemChangeLogTrait.php(48): SystemChangeLogService::register(Object(SystemUser), Array, Array)
#1 /var/www/webroot/ROOT/lib/adianti/database/TRecord.php(758): SystemUser->onAfterStore(Object(stdClass))
#2 /var/www/webroot/ROOT/app/control/admin/SystemUserForm.class.php(213): Adianti\Database\TRecord->store()
#3 [internal function]: SystemUserForm->onSave(Array)
#4 /var/www/webroot/ROOT/lib/adianti/control/TPage.php(107): call_user_func(Array, Array)
#5 /var/www/webroot/ROOT/lib/adianti/control/TPage.php(269): Adianti\Control\TPage->run()
#6 /var/www/webroot/ROOT/lib/adianti/core/AdiantiCoreApplication.php(96): Adianti\Control\TPage->show(Array)
#7 /var/www/webroot/ROOT/engine.php(27): Adianti\Core\AdiantiCoreApplication::run('2')
#8 /var/www/webroot/ROOT/engine.php(66): TApplication::run()
#9 {main}",f1a62d3b9b7756fa8f2bb5ad5d45b125,SystemUserForm,apache2handler,2023,11,15
66,"2023-11-15 15:30:13",admin,system_user,id,5,changed,email,colegio_ccs@yahoo.com.br,albertina_vania@yahoo.com.br,10.101.20.89,65550e35ba123,"#0 /var/www/webroot/ROOT/app/model/log/SystemChangeLogTrait.php(48): SystemChangeLogService::register(Object(SystemUser), Array, Array)
#1 /var/www/webroot/ROOT/lib/adianti/database/TRecord.php(758): SystemUser->onAfterStore(Object(stdClass))
#2 /var/www/webroot/ROOT/app/control/admin/SystemUserForm.class.php(213): Adianti\Database\TRecord->store()
#3 [internal function]: SystemUserForm->onSave(Array)
#4 /var/www/webroot/ROOT/lib/adianti/control/TPage.php(107): call_user_func(Array, Array)
#5 /var/www/webroot/ROOT/lib/adianti/control/TPage.php(269): Adianti\Control\TPage->run()
#6 /var/www/webroot/ROOT/lib/adianti/core/AdiantiCoreApplication.php(96): Adianti\Control\TPage->show(Array)
#7 /var/www/webroot/ROOT/engine.php(27): Adianti\Core\AdiantiCoreApplication::run('2')
#8 /var/www/webroot/ROOT/engine.php(66): TApplication::run()
#9 {main}",f1a62d3b9b7756fa8f2bb5ad5d45b125,SystemUserForm,apache2handler,2023,11,15
67,"2023-11-15 15:30:13",admin,system_user,id,5,changed,login,luana,albertina,10.101.20.89,65550e35ba123,"#0 /var/www/webroot/ROOT/app/model/log/SystemChangeLogTrait.php(48): SystemChangeLogService::register(Object(SystemUser), Array, Array)
#1 /var/www/webroot/ROOT/lib/adianti/database/TRecord.php(758): SystemUser->onAfterStore(Object(stdClass))
#2 /var/www/webroot/ROOT/app/control/admin/SystemUserForm.class.php(213): Adianti\Database\TRecord->store()
#3 [internal function]: SystemUserForm->onSave(Array)
#4 /var/www/webroot/ROOT/lib/adianti/control/TPage.php(107): call_user_func(Array, Array)
#5 /var/www/webroot/ROOT/lib/adianti/control/TPage.php(269): Adianti\Control\TPage->run()
#6 /var/www/webroot/ROOT/lib/adianti/core/AdiantiCoreApplication.php(96): Adianti\Control\TPage->show(Array)
#7 /var/www/webroot/ROOT/engine.php(27): Adianti\Core\AdiantiCoreApplication::run('2')
#8 /var/www/webroot/ROOT/engine.php(66): TApplication::run()
#9 {main}",f1a62d3b9b7756fa8f2bb5ad5d45b125,SystemUserForm,apache2handler,2023,11,15
68,"2023-12-22 07:58:12",luciene,cliente,id,1623,deleted,ativo,S,,10.101.20.89,65856bc472b84,"#0 /var/www/webroot/ROOT/app/model/log/SystemChangeLogTrait.php(48): SystemChangeLogService::register(Object(Cliente), Array, Array)
#1 /var/www/webroot/ROOT/lib/adianti/database/TRecord.php(758): Cliente->onAfterStore(Object(stdClass))
#2 /var/www/webroot/ROOT/app/control/cadastros/ClienteForm.php(271): Adianti\Database\TRecord->store()
#3 [internal function]: ClienteForm->onSave(Array)
#4 /var/www/webroot/ROOT/lib/adianti/core/AdiantiCoreApplication.php(86): call_user_func(Array, Array)
#5 /var/www/webroot/ROOT/engine.php(27): Adianti\Core\AdiantiCoreApplication::run('2')
#6 /var/www/webroot/ROOT/engine.php(66): TApplication::run()
#7 {main}",91f02ae5dc0968a8732221e53d855ca6,ClienteForm,apache2handler,2023,12,22
69,"2023-12-22 07:58:12",luciene,cliente,id,1623,deleted,cliente_grupo_id,1,,10.101.20.89,65856bc472b84,"#0 /var/www/webroot/ROOT/app/model/log/SystemChangeLogTrait.php(48): SystemChangeLogService::register(Object(Cliente), Array, Array)
#1 /var/www/webroot/ROOT/lib/adianti/database/TRecord.php(758): Cliente->onAfterStore(Object(stdClass))
#2 /var/www/webroot/ROOT/app/control/cadastros/ClienteForm.php(271): Adianti\Database\TRecord->store()
#3 [internal function]: ClienteForm->onSave(Array)
#4 /var/www/webroot/ROOT/lib/adianti/core/AdiantiCoreApplication.php(86): call_user_func(Array, Array)
#5 /var/www/webroot/ROOT/engine.php(27): Adianti\Core\AdiantiCoreApplication::run('2')
#6 /var/www/webroot/ROOT/engine.php(66): TApplication::run()
#7 {main}",91f02ae5dc0968a8732221e53d855ca6,ClienteForm,apache2handler,2023,12,22
70,"2023-12-22 07:58:12",luciene,cliente,id,1623,deleted,nome_fantasia,"MARIA LUCIENE DA CUNHA FERREIRA",,10.101.20.89,65856bc472b84,"#0 /var/www/webroot/ROOT/app/model/log/SystemChangeLogTrait.php(48): SystemChangeLogService::register(Object(Cliente), Array, Array)
#1 /var/www/webroot/ROOT/lib/adianti/database/TRecord.php(758): Cliente->onAfterStore(Object(stdClass))
#2 /var/www/webroot/ROOT/app/control/cadastros/ClienteForm.php(271): Adianti\Database\TRecord->store()
#3 [internal function]: ClienteForm->onSave(Array)
#4 /var/www/webroot/ROOT/lib/adianti/core/AdiantiCoreApplication.php(86): call_user_func(Array, Array)
#5 /var/www/webroot/ROOT/engine.php(27): Adianti\Core\AdiantiCoreApplication::run('2')
#6 /var/www/webroot/ROOT/engine.php(66): TApplication::run()
#7 {main}",91f02ae5dc0968a8732221e53d855ca6,ClienteForm,apache2handler,2023,12,22
71,"2023-12-22 07:58:12",luciene,cliente,id,1623,deleted,representante_profissao,ARTES√É,,10.101.20.89,65856bc472b84,"#0 /var/www/webroot/ROOT/app/model/log/SystemChangeLogTrait.php(48): SystemChangeLogService::register(Object(Cliente), Array, Array)
#1 /var/www/webroot/ROOT/lib/adianti/database/TRecord.php(758): Cliente->onAfterStore(Object(stdClass))
#2 /var/www/webroot/ROOT/app/control/cadastros/ClienteForm.php(271): Adianti\Database\TRecord->store()
#3 [internal function]: ClienteForm->onSave(Array)
#4 /var/www/webroot/ROOT/lib/adianti/core/AdiantiCoreApplication.php(86): call_user_func(Array, Array)
#5 /var/www/webroot/ROOT/engine.php(27): Adianti\Core\AdiantiCoreApplication::run('2')
#6 /var/www/webroot/ROOT/engine.php(66): TApplication::run()
#7 {main}",91f02ae5dc0968a8732221e53d855ca6,ClienteForm,apache2handler,2023,12,22
72,"2023-12-22 07:58:12",luciene,cliente,id,1623,deleted,representante_cpf,762.693.704-00,,10.101.20.89,65856bc472b84,"#0 /var/www/webroot/ROOT/app/model/log/SystemChangeLogTrait.php(48): SystemChangeLogService::register(Object(Cliente), Array, Array)
#1 /var/www/webroot/ROOT/lib/adianti/database/TRecord.php(758): Cliente->onAfterStore(Object(stdClass))
#2 /var/www/webroot/ROOT/app/control/cadastros/ClienteForm.php(271): Adianti\Database\TRecord->store()
#3 [internal function]: ClienteForm->onSave(Array)
#4 /var/www/webroot/ROOT/lib/adianti/core/AdiantiCoreApplication.php(86): call_user_func(Array, Array)
#5 /var/www/webroot/ROOT/engine.php(27): Adianti\Core\AdiantiCoreApplication::run('2')
#6 /var/www/webroot/ROOT/engine.php(66): TApplication::run()
#7 {main}",91f02ae5dc0968a8732221e53d855ca6,ClienteForm,apache2handler,2023,12,22
73,"2023-12-22 07:58:12",luciene,cliente,id,1623,deleted,representante_cep,59.120-548,,10.101.20.89,65856bc472b84,"#0 /var/www/webroot/ROOT/app/model/log/SystemChangeLogTrait.php(48): SystemChangeLogService::register(Object(Cliente), Array, Array)
#1 /var/www/webroot/ROOT/lib/adianti/database/TRecord.php(758): Cliente->onAfterStore(Object(stdClass))
#2 /var/www/webroot/ROOT/app/control/cadastros/ClienteForm.php(271): Adianti\Database\TRecord->store()
#3 [internal function]: ClienteForm->onSave(Array)
#4 /var/www/webroot/ROOT/lib/adianti/core/AdiantiCoreApplication.php(86): call_user_func(Array, Array)
#5 /var/www/webroot/ROOT/engine.php(27): Adianti\Core\AdiantiCoreApplication::run('2')
#6 /var/www/webroot/ROOT/engine.php(66): TApplication::run()
#7 {main}",91f02ae5dc0968a8732221e53d855ca6,ClienteForm,apache2handler,2023,12,22
74,"2023-12-22 07:58:12",luciene,cliente,id,1623,deleted,representante_logradouro,"RUA URTIGUEIRA",,10.101.20.89,65856bc472b84,"#0 /var/www/webroot/ROOT/app/model/log/SystemChangeLogTrait.php(48): SystemChangeLogService::register(Object(Cliente), Array, Array)
#1 /var/www/webroot/ROOT/lib/adianti/database/TRecord.php(758): Cliente->onAfterStore(Object(stdClass))
#2 /var/www/webroot/ROOT/app/control/cadastros/ClienteForm.php(271): Adianti\Database\TRecord->store()
#3 [internal function]: ClienteForm->onSave(Array)
#4 /var/www/webroot/ROOT/lib/adianti/core/AdiantiCoreApplication.php(86): call_user_func(Array, Array)
#5 /var/www/webroot/ROOT/engine.php(27): Adianti\Core\AdiantiCoreApplication::run('2')
#6 /var/www/webroot/ROOT/engine.php(66): TApplication::run()
#7 {main}",91f02ae5dc0968a8732221e53d855ca6,ClienteForm,apache2handler,2023,12,22
75,"2023-12-22 07:58:12",luciene,cliente,id,1623,deleted,representante_bairro,Potengi,,10.101.20.89,65856bc472b84,"#0 /var/www/webroot/ROOT/app/model/log/SystemChangeLogTrait.php(48): SystemChangeLogService::register(Object(Cliente), Array, Array)
#1 /var/www/webroot/ROOT/lib/adianti/database/TRecord.php(758): Cliente->onAfterStore(Object(stdClass))
#2 /var/www/webroot/ROOT/app/control/cadastros/ClienteForm.php(271): Adianti\Database\TRecord->store()
#3 [internal function]: ClienteForm->onSave(Array)
#4 /var/www/webroot/ROOT/lib/adianti/core/AdiantiCoreApplication.php(86): call_user_func(Array, Array)
#5 /var/www/webroot/ROOT/engine.php(27): Adianti\Core\AdiantiCoreApplication::run('2')
#6 /var/www/webroot/ROOT/engine.php(66): TApplication::run()
#7 {main}",91f02ae5dc0968a8732221e53d855ca6,ClienteForm,apache2handler,2023,12,22
76,"2023-12-22 07:58:12",luciene,cliente,id,1623,deleted,representante_numero,135,,10.101.20.89,65856bc472b84,"#0 /var/www/webroot/ROOT/app/model/log/SystemChangeLogTrait.php(48): SystemChangeLogService::register(Object(Cliente), Array, Array)
#1 /var/www/webroot/ROOT/lib/adianti/database/TRecord.php(758): Cliente->onAfterStore(Object(stdClass))
#2 /var/www/webroot/ROOT/app/control/cadastros/ClienteForm.php(271): Adianti\Database\TRecord->store()
#3 [internal function]: ClienteForm->onSave(Array)
#4 /var/www/webroot/ROOT/lib/adianti/core/AdiantiCoreApplication.php(86): call_user_func(Array, Array)
#5 /var/www/webroot/ROOT/engine.php(27): Adianti\Core\AdiantiCoreApplication::run('2')
#6 /var/www/webroot/ROOT/engine.php(66): TApplication::run()
#7 {main}",91f02ae5dc0968a8732221e53d855ca6,ClienteForm,apache2handler,2023,12,22
77,"2023-12-22 07:58:12",luciene,cliente,id,1623,deleted,representante_cidade,Natal,,10.101.20.89,65856bc472b84,"#0 /var/www/webroot/ROOT/app/model/log/SystemChangeLogTrait.php(48): SystemChangeLogService::register(Object(Cliente), Array, Array)
#1 /var/www/webroot/ROOT/lib/adianti/database/TRecord.php(758): Cliente->onAfterStore(Object(stdClass))
#2 /var/www/webroot/ROOT/app/control/cadastros/ClienteForm.php(271): Adianti\Database\TRecord->store()
#3 [internal function]: ClienteForm->onSave(Array)
#4 /var/www/webroot/ROOT/lib/adianti/core/AdiantiCoreApplication.php(86): call_user_func(Array, Array)
#5 /var/www/webroot/ROOT/engine.php(27): Adianti\Core\AdiantiCoreApplication::run('2')
#6 /var/www/webroot/ROOT/engine.php(66): TApplication::run()
#7 {main}",91f02ae5dc0968a8732221e53d855ca6,ClienteForm,apache2handler,2023,12,22
78,"2023-12-22 07:58:12",luciene,cliente,id,1623,deleted,representante_uf,RN,,10.101.20.89,65856bc472b84,"#0 /var/www/webroot/ROOT/app/model/log/SystemChangeLogTrait.php(48): SystemChangeLogService::register(Object(Cliente), Array, Array)
#1 /var/www/webroot/ROOT/lib/adianti/database/TRecord.php(758): Cliente->onAfterStore(Object(stdClass))
#2 /var/www/webroot/ROOT/app/control/cadastros/ClienteForm.php(271): Adianti\Database\TRecord->store()
#3 [internal function]: ClienteForm->onSave(Array)
#4 /var/www/webroot/ROOT/lib/adianti/core/AdiantiCoreApplication.php(86): call_user_func(Array, Array)
#5 /var/www/webroot/ROOT/engine.php(27): Adianti\Core\AdiantiCoreApplication::run('2')
#6 /var/www/webroot/ROOT/engine.php(66): TApplication::run()
#7 {main}",91f02ae5dc0968a8732221e53d855ca6,ClienteForm,apache2handler,2023,12,22
79,"2023-12-22 07:58:12",luciene,cliente,id,1623,deleted,juridico,N,,10.101.20.89,65856bc472b84,"#0 /var/www/webroot/ROOT/app/model/log/SystemChangeLogTrait.php(48): SystemChangeLogService::register(Object(Cliente), Array, Array)
#1 /var/www/webroot/ROOT/lib/adianti/database/TRecord.php(758): Cliente->onAfterStore(Object(stdClass))
#2 /var/www/webroot/ROOT/app/control/cadastros/ClienteForm.php(271): Adianti\Database\TRecord->store()
#3 [internal function]: ClienteForm->onSave(Array)
#4 /var/www/webroot/ROOT/lib/adianti/core/AdiantiCoreApplication.php(86): call_user_func(Array, Array)
#5 /var/www/webroot/ROOT/engine.php(27): Adianti\Core\AdiantiCoreApplication::run('2')
#6 /var/www/webroot/ROOT/engine.php(66): TApplication::run()
#7 {main}",91f02ae5dc0968a8732221e53d855ca6,ClienteForm,apache2handler,2023,12,22
80,"2023-12-22 07:58:12",luciene,cliente,id,1623,created,tipo,,F,10.101.20.89,65856bc472b84,"#0 /var/www/webroot/ROOT/app/model/log/SystemChangeLogTrait.php(48): SystemChangeLogService::register(Object(Cliente), Array, Array)
#1 /var/www/webroot/ROOT/lib/adianti/database/TRecord.php(758): Cliente->onAfterStore(Object(stdClass))
#2 /var/www/webroot/ROOT/app/control/cadastros/ClienteForm.php(271): Adianti\Database\TRecord->store()
#3 [internal function]: ClienteForm->onSave(Array)
#4 /var/www/webroot/ROOT/lib/adianti/core/AdiantiCoreApplication.php(86): call_user_func(Array, Array)
#5 /var/www/webroot/ROOT/engine.php(27): Adianti\Core\AdiantiCoreApplication::run('2')
#6 /var/www/webroot/ROOT/engine.php(66): TApplication::run()
#7 {main}",91f02ae5dc0968a8732221e53d855ca6,ClienteForm,apache2handler,2023,12,22
81,"2023-12-22 08:01:57",luciene,cliente,id,1623,deleted,ativo,S,,10.101.20.89,65856ca5ec4d2,"#0 /var/www/webroot/ROOT/app/model/log/SystemChangeLogTrait.php(48): SystemChangeLogService::register(Object(Cliente), Array, Array)
#1 /var/www/webroot/ROOT/lib/adianti/database/TRecord.php(758): Cliente->onAfterStore(Object(stdClass))
#2 /var/www/webroot/ROOT/app/control/cadastros/ClienteForm.php(271): Adianti\Database\TRecord->store()
#3 [internal function]: ClienteForm->onSave(Array)
#4 /var/www/webroot/ROOT/lib/adianti/core/AdiantiCoreApplication.php(86): call_user_func(Array, Array)
#5 /var/www/webroot/ROOT/engine.php(27): Adianti\Core\AdiantiCoreApplication::run('2')
#6 /var/www/webroot/ROOT/engine.php(66): TApplication::run()
#7 {main}",91f02ae5dc0968a8732221e53d855ca6,ClienteForm,apache2handler,2023,12,22
82,"2023-12-22 08:01:57",luciene,cliente,id,1623,deleted,cliente_grupo_id,1,,10.101.20.89,65856ca5ec4d2,"#0 /var/www/webroot/ROOT/app/model/log/SystemChangeLogTrait.php(48): SystemChangeLogService::register(Object(Cliente), Array, Array)
#1 /var/www/webroot/ROOT/lib/adianti/database/TRecord.php(758): Cliente->onAfterStore(Object(stdClass))
#2 /var/www/webroot/ROOT/app/control/cadastros/ClienteForm.php(271): Adianti\Database\TRecord->store()
#3 [internal function]: ClienteForm->onSave(Array)
#4 /var/www/webroot/ROOT/lib/adianti/core/AdiantiCoreApplication.php(86): call_user_func(Array, Array)
#5 /var/www/webroot/ROOT/engine.php(27): Adianti\Core\AdiantiCoreApplication::run('2')
#6 /var/www/webroot/ROOT/engine.php(66): TApplication::run()
#7 {main}",91f02ae5dc0968a8732221e53d855ca6,ClienteForm,apache2handler,2023,12,22
83,"2023-12-22 08:01:57",luciene,cliente,id,1623,deleted,nome_fantasia,"MARIA LUCIENE DA CUNHA FERREIRA",,10.101.20.89,65856ca5ec4d2,"#0 /var/www/webroot/ROOT/app/model/log/SystemChangeLogTrait.php(48): SystemChangeLogService::register(Object(Cliente), Array, Array)
#1 /var/www/webroot/ROOT/lib/adianti/database/TRecord.php(758): Cliente->onAfterStore(Object(stdClass))
#2 /var/www/webroot/ROOT/app/control/cadastros/ClienteForm.php(271): Adianti\Database\TRecord->store()
#3 [internal function]: ClienteForm->onSave(Array)
#4 /var/www/webroot/ROOT/lib/adianti/core/AdiantiCoreApplication.php(86): call_user_func(Array, Array)
#5 /var/www/webroot/ROOT/engine.php(27): Adianti\Core\AdiantiCoreApplication::run('2')
#6 /var/www/webroot/ROOT/engine.php(66): TApplication::run()
#7 {main}",91f02ae5dc0968a8732221e53d855ca6,ClienteForm,apache2handler,2023,12,22
84,"2023-12-22 08:01:57",luciene,cliente,id,1623,deleted,representante_profissao,ARTES√É,,10.101.20.89,65856ca5ec4d2,"#0 /var/www/webroot/ROOT/app/model/log/SystemChangeLogTrait.php(48): SystemChangeLogService::register(Object(Cliente), Array, Array)
#1 /var/www/webroot/ROOT/lib/adianti/database/TRecord.php(758): Cliente->onAfterStore(Object(stdClass))
#2 /var/www/webroot/ROOT/app/control/cadastros/ClienteForm.php(271): Adianti\Database\TRecord->store()
#3 [internal function]: ClienteForm->onSave(Array)
#4 /var/www/webroot/ROOT/lib/adianti/core/AdiantiCoreApplication.php(86): call_user_func(Array, Array)
#5 /var/www/webroot/ROOT/engine.php(27): Adianti\Core\AdiantiCoreApplication::run('2')
#6 /var/www/webroot/ROOT/engine.php(66): TApplication::run()
#7 {main}",91f02ae5dc0968a8732221e53d855ca6,ClienteForm,apache2handler,2023,12,22
85,"2023-12-22 08:01:57",luciene,cliente,id,1623,deleted,representante_cpf,762.693.704-00,,10.101.20.89,65856ca5ec4d2,"#0 /var/www/webroot/ROOT/app/model/log/SystemChangeLogTrait.php(48): SystemChangeLogService::register(Object(Cliente), Array, Array)
#1 /var/www/webroot/ROOT/lib/adianti/database/TRecord.php(758): Cliente->onAfterStore(Object(stdClass))
#2 /var/www/webroot/ROOT/app/control/cadastros/ClienteForm.php(271): Adianti\Database\TRecord->store()
#3 [internal function]: ClienteForm->onSave(Array)
#4 /var/www/webroot/ROOT/lib/adianti/core/AdiantiCoreApplication.php(86): call_user_func(Array, Array)
#5 /var/www/webroot/ROOT/engine.php(27): Adianti\Core\AdiantiCoreApplication::run('2')
#6 /var/www/webroot/ROOT/engine.php(66): TApplication::run()
#7 {main}",91f02ae5dc0968a8732221e53d855ca6,ClienteForm,apache2handler,2023,12,22
86,"2023-12-22 08:01:57",luciene,cliente,id,1623,deleted,representante_cep,59.120-548,,10.101.20.89,65856ca5ec4d2,"#0 /var/www/webroot/ROOT/app/model/log/SystemChangeLogTrait.php(48): SystemChangeLogService::register(Object(Cliente), Array, Array)
#1 /var/www/webroot/ROOT/lib/adianti/database/TRecord.php(758): Cliente->onAfterStore(Object(stdClass))
#2 /var/www/webroot/ROOT/app/control/cadastros/ClienteForm.php(271): Adianti\Database\TRecord->store()
#3 [internal function]: ClienteForm->onSave(Array)
#4 /var/www/webroot/ROOT/lib/adianti/core/AdiantiCoreApplication.php(86): call_user_func(Array, Array)
#5 /var/www/webroot/ROOT/engine.php(27): Adianti\Core\AdiantiCoreApplication::run('2')
#6 /var/www/webroot/ROOT/engine.php(66): TApplication::run()
#7 {main}",91f02ae5dc0968a8732221e53d855ca6,ClienteForm,apache2handler,2023,12,22
87,"2023-12-22 08:01:57",luciene,cliente,id,1623,deleted,representante_logradouro,"RUA URTIGUEIRA",,10.101.20.89,65856ca5ec4d2,"#0 /var/www/webroot/ROOT/app/model/log/SystemChangeLogTrait.php(48): SystemChangeLogService::register(Object(Cliente), Array, Array)
#1 /var/www/webroot/ROOT/lib/adianti/database/TRecord.php(758): Cliente->onAfterStore(Object(stdClass))
#2 /var/www/webroot/ROOT/app/control/cadastros/ClienteForm.php(271): Adianti\Database\TRecord->store()
#3 [internal function]: ClienteForm->onSave(Array)
#4 /var/www/webroot/ROOT/lib/adianti/core/AdiantiCoreApplication.php(86): call_user_func(Array, Array)
#5 /var/www/webroot/ROOT/engine.php(27): Adianti\Core\AdiantiCoreApplication::run('2')
#6 /var/www/webroot/ROOT/engine.php(66): TApplication::run()
#7 {main}",91f02ae5dc0968a8732221e53d855ca6,ClienteForm,apache2handler,2023,12,22
88,"2023-12-22 08:01:57",luciene,cliente,id,1623,deleted,representante_bairro,Potengi,,10.101.20.89,65856ca5ec4d2,"#0 /var/www/webroot/ROOT/app/model/log/SystemChangeLogTrait.php(48): SystemChangeLogService::register(Object(Cliente), Array, Array)
#1 /var/www/webroot/ROOT/lib/adianti/database/TRecord.php(758): Cliente->onAfterStore(Object(stdClass))
#2 /var/www/webroot/ROOT/app/control/cadastros/ClienteForm.php(271): Adianti\Database\TRecord->store()
#3 [internal function]: ClienteForm->onSave(Array)
#4 /var/www/webroot/ROOT/lib/adianti/core/AdiantiCoreApplication.php(86): call_user_func(Array, Array)
#5 /var/www/webroot/ROOT/engine.php(27): Adianti\Core\AdiantiCoreApplication::run('2')
#6 /var/www/webroot/ROOT/engine.php(66): TApplication::run()
#7 {main}",91f02ae5dc0968a8732221e53d855ca6,ClienteForm,apache2handler,2023,12,22
89,"2023-12-22 08:01:57",luciene,cliente,id,1623,deleted,representante_numero,135,,10.101.20.89,65856ca5ec4d2,"#0 /var/www/webroot/ROOT/app/model/log/SystemChangeLogTrait.php(48): SystemChangeLogService::register(Object(Cliente), Array, Array)
#1 /var/www/webroot/ROOT/lib/adianti/database/TRecord.php(758): Cliente->onAfterStore(Object(stdClass))
#2 /var/www/webroot/ROOT/app/control/cadastros/ClienteForm.php(271): Adianti\Database\TRecord->store()
#3 [internal function]: ClienteForm->onSave(Array)
#4 /var/www/webroot/ROOT/lib/adianti/core/AdiantiCoreApplication.php(86): call_user_func(Array, Array)
#5 /var/www/webroot/ROOT/engine.php(27): Adianti\Core\AdiantiCoreApplication::run('2')
#6 /var/www/webroot/ROOT/engine.php(66): TApplication::run()
#7 {main}",91f02ae5dc0968a8732221e53d855ca6,ClienteForm,apache2handler,2023,12,22
90,"2023-12-22 08:01:57",luciene,cliente,id,1623,deleted,representante_cidade,Natal,,10.101.20.89,65856ca5ec4d2,"#0 /var/www/webroot/ROOT/app/model/log/SystemChangeLogTrait.php(48): SystemChangeLogService::register(Object(Cliente), Array, Array)
#1 /var/www/webroot/ROOT/lib/adianti/database/TRecord.php(758): Cliente->onAfterStore(Object(stdClass))
#2 /var/www/webroot/ROOT/app/control/cadastros/ClienteForm.php(271): Adianti\Database\TRecord->store()
#3 [internal function]: ClienteForm->onSave(Array)
#4 /var/www/webroot/ROOT/lib/adianti/core/AdiantiCoreApplication.php(86): call_user_func(Array, Array)
#5 /var/www/webroot/ROOT/engine.php(27): Adianti\Core\AdiantiCoreApplication::run('2')
#6 /var/www/webroot/ROOT/engine.php(66): TApplication::run()
#7 {main}",91f02ae5dc0968a8732221e53d855ca6,ClienteForm,apache2handler,2023,12,22
91,"2023-12-22 08:01:57",luciene,cliente,id,1623,deleted,representante_uf,RN,,10.101.20.89,65856ca5ec4d2,"#0 /var/www/webroot/ROOT/app/model/log/SystemChangeLogTrait.php(48): SystemChangeLogService::register(Object(Cliente), Array, Array)
#1 /var/www/webroot/ROOT/lib/adianti/database/TRecord.php(758): Cliente->onAfterStore(Object(stdClass))
#2 /var/www/webroot/ROOT/app/control/cadastros/ClienteForm.php(271): Adianti\Database\TRecord->store()
#3 [internal function]: ClienteForm->onSave(Array)
#4 /var/www/webroot/ROOT/lib/adianti/core/AdiantiCoreApplication.php(86): call_user_func(Array, Array)
#5 /var/www/webroot/ROOT/engine.php(27): Adianti\Core\AdiantiCoreApplication::run('2')
#6 /var/www/webroot/ROOT/engine.php(66): TApplication::run()
#7 {main}",91f02ae5dc0968a8732221e53d855ca6,ClienteForm,apache2handler,2023,12,22
92,"2023-12-22 08:01:57",luciene,cliente,id,1623,deleted,juridico,N,,10.101.20.89,65856ca5ec4d2,"#0 /var/www/webroot/ROOT/app/model/log/SystemChangeLogTrait.php(48): SystemChangeLogService::register(Object(Cliente), Array, Array)
#1 /var/www/webroot/ROOT/lib/adianti/database/TRecord.php(758): Cliente->onAfterStore(Object(stdClass))
#2 /var/www/webroot/ROOT/app/control/cadastros/ClienteForm.php(271): Adianti\Database\TRecord->store()
#3 [internal function]: ClienteForm->onSave(Array)
#4 /var/www/webroot/ROOT/lib/adianti/core/AdiantiCoreApplication.php(86): call_user_func(Array, Array)
#5 /var/www/webroot/ROOT/engine.php(27): Adianti\Core\AdiantiCoreApplication::run('2')
#6 /var/www/webroot/ROOT/engine.php(66): TApplication::run()
#7 {main}",91f02ae5dc0968a8732221e53d855ca6,ClienteForm,apache2handler,2023,12,22
93,"2024-01-04 11:56:55",,system_user,id,1,changed,password,d0e84db68780555409c68369fc5fefcd,$2y$10$New8rGnSSuIQo/uLL.lb2u58RjmRFP.8XxBem/NIs1R9SyQ2dbXiy,::1,6596c736ec4d2,"#0 /Users/fredazevedo/Sites/escolar/app/model/log/SystemChangeLogTrait.php(54): SystemChangeLogService::register(Object(SystemUser), Array, Array)
#1 /Users/fredazevedo/Sites/escolar/lib/adianti/database/TRecord.php(839): SystemUser->onAfterStore(Object(stdClass))
#2 /Users/fredazevedo/Sites/escolar/app/model/admin/SystemUser.class.php(432): Adianti\Database\TRecord->store()
#3 /Users/fredazevedo/Sites/escolar/app/service/auth/ApplicationAuthenticationService.php(30): SystemUser::authenticate('admin', '88133564')
#4 /Users/fredazevedo/Sites/escolar/app/control/admin/LoginForm.class.php(181): ApplicationAuthenticationService::authenticate('admin', '88133564', false)
#5 [internal function]: LoginForm::onLogin(Array)
#6 /Users/fredazevedo/Sites/escolar/lib/adianti/core/AdiantiCoreApplication.php(77): call_user_func(Array, Array)
#7 /Users/fredazevedo/Sites/escolar/engine.php(41): Adianti\Core\AdiantiCoreApplication::run('2')
#8 /Users/fredazevedo/Sites/escolar/engine.php(72): TApplication::run()
#9 {main}",cl268el4e0ktovo28mrckk9p6t,LoginForm,apache2handler,2024,01,04
